Positive Sample Scores,Sampling Category
0.515506638,1
0.501981287,1
0.509244469,1
0.501875241,1
0.509978555,1
0.50444392,1
0.50670541,1
0.514911137,1
0.503776523,1
0.511234599,1
0.509644359,1
0.505463578,1
0.514242391,1
0.516058001,1
0.511881018,1
0.50063873,1
0.508489617,1
0.502259872,1
0.513302533,1
0.507072616,1
0.511845393,1
0.515247741,1
0.500951749,1
0.506400795,1
0.518918629,1
0.502281994,1
0.500110965,1
0.514232149,1
0.507031499,1
0.506296502,1
0.505649105,1
0.512140403,1
0.512173231,1
0.505203702,1
0.514279483,1
0.504768838,1
0.508266852,1
0.501487788,1
0.510256024,1
0.506901082,1
0.505711267,1
0.515681088,1
0.509784638,1
0.513209133,1
0.503501473,1
0.504083419,1
0.504741755,1
0.504904255,1
0.514062495,1
0.500134907,1
0.51379197,1
0.50633936,1
0.516359346,1
0.509037411,1
0.503602488,1
0.500347697,1
0.505629385,1
0.508817526,1
0.517827999,1
0.510231464,1
0.509299902,1
0.503020676,1
0.512575188,1
0.515181342,1
0.503826833,1
0.502521546,1
0.509103886,1
0.508627851,1
0.517248216,1
0.514495235,1
0.507594718,1
0.514024425,1
0.501831847,1
0.508545685,1
0.51526193,1
0.517418568,1
0.517682098,1
0.508364762,1
0.506823894,1
0.513673063,1
0.510431646,1
0.503335158,1
0.511889401,1
0.511808164,1
0.506448605,1
0.503092073,1
0.514395216,1
0.503565807,1
0.506774175,1
0.513511547,1
0.508539954,1
0.504878495,1
0.512453174,1
0.508532629,1
0.515880065,1
0.515750402,1
0.513089563,1
0.507758182,1
0.513487712,1
0.514382696,1
0.504845228,1
0.502714246,1
0.503855809,1
0.512130816,1
0.502647975,1
0.510158162,1
0.505448777,1
0.502427853,1
0.508873831,1
0.511218314,1
0.503706805,1
0.516449541,1
0.50664061,1
0.506572026,1
0.511903748,1
0.502260135,1
0.503609135,1
0.508149593,1
0.506987505,1
0.500415117,1
0.50044128,1
0.503471474,1
0.507205006,1
0.516336186,1
0.515119624,1
0.50634414,1
0.50468836,1
0.511482648,1
0.508011687,1
0.50728109,1
0.508138926,1
0.510483014,1
0.506442271,1
0.503483944,1
0.508270566,1
0.509269528,1
0.502608181,1
0.506630271,1
0.511417845,1
0.500172125,1
0.500976831,1
0.508199897,1
0.50503133,1
0.502130555,1
0.515665718,1
0.507921777,1
0.515228351,1
0.514490406,1
0.503662337,1
0.512358382,1
0.506146133,1
0.511995338,1
0.500587057,1
0.505861009,1
0.511251785,1
0.513071768,1
0.511946069,1
0.51209469,1
0.511253007,1
0.50844397,1
0.513471611,1
0.510907322,1
0.513175299,1
0.511921885,1
0.507442653,1
0.507336736,1
0.51753749,1
0.514179245,1
0.504422365,1
0.508506789,1
0.500277155,1
0.514859613,1
0.501965047,1
0.515538692,1
0.515845914,1
0.512166505,1
0.502140552,1
0.505954658,1
0.500868619,1
0.502104378,1
0.509571381,1
0.505753274,1
0.506473411,1
0.510316621,1
0.502329268,1
0.515385369,1
0.507860862,1
0.519803038,1
0.506833275,1
0.508377403,1
0.505812501,1
0.503773288,1
0.504688245,1
0.511142622,1
0.507137818,1
0.504277471,1
0.508257812,1
0.516298209,1
0.510893006,1
0.511115233,1
0.505966042,1
0.513946909,1
0.511577258,1
0.506764295,1
0.513058217,1
0.507162315,1
0.504818758,1
0.504366362,1
0.502725193,1
0.508259501,1
0.512312166,1
0.504514285,1
0.507716495,1
0.50517682,1
0.506076131,1
0.501827922,1
0.506597277,1
0.500027792,1
0.502711886,1
0.516329511,1
0.508988926,1
0.503202201,1
0.51253166,1
0.516557963,1
0.501622394,1
0.507468152,1
0.515796416,1
0.507720611,1
0.510812152,1
0.517025445,1
0.509395686,1
0.509329475,1
0.511645793,1
0.509083048,1
0.505280259,1
0.503685196,1
0.507197295,1
0.513296027,1
0.505972186,1
0.514149056,1
0.508292612,1
0.506661381,1
0.515510432,1
0.502855921,1
0.503253882,1
0.505193646,1
0.510367039,1
0.508349591,1
0.508745778,1
0.511963968,1
0.513997749,1
0.512194381,1
0.5117062,1
0.505074708,1
0.509708037,1
0.516253409,1
0.511594454,1
0.509892169,1
0.516142233,1
0.501833687,1
0.504294737,1
0.504538058,1
0.514852949,1
0.511597734,1
0.501365172,1
0.51182825,1
0.512231779,1
0.501363842,1
0.511003626,1
0.507961874,1
0.502433653,1
0.502453218,1
0.506069739,1
0.512837048,1
0.507404909,1
0.51501996,1
0.511391623,1
0.514278452,1
0.503941043,1
0.515602755,1
0.507286347,1
0.503977396,1
0.505900966,1
0.508087557,1
0.507757822,1
0.510568683,1
0.503689756,1
0.511205916,1
0.501375034,1
0.509181805,1
0.514197205,1
0.506141516,1
0.51462478,1
0.518271046,1
0.501446331,1
0.510680018,1
0.51270799,1
0.517058177,1
0.513080962,1
0.507284864,1
0.500587515,1
0.509601809,1
0.507505631,1
0.503879265,1
0.503525099,1
0.501470938,1
0.503042452,1
0.504053161,1
0.509448927,1
0.504261597,1
0.503111637,1
0.502854784,1
0.505145991,1
0.510849349,1
0.507909493,1
0.511772214,1
0.510189911,1
0.512550466,1
0.501302542,1
0.515241274,1
0.515995203,1
0.507772644,1
0.516372792,1
0.503908345,1
0.510973613,1
0.504574877,1
0.516833695,1
0.51171554,1
0.51604399,1
0.508077315,1
0.506883505,1
0.500779802,1
0.503912328,1
0.504176473,1
0.502195218,1
0.510627871,1
0.503224553,1
0.500364195,1
0.514506305,1
0.511446287,1
0.518409974,1
0.515556128,1
0.501063898,1
0.501279712,1
0.504946929,1
0.510377492,1
0.511381801,1
0.502193533,1
0.511235971,1
0.501920088,1
0.505956773,1
0.510561002,1
0.514059185,1
0.506278972,1
0.500877939,1
0.505117191,1
0.500246817,1
0.502697241,1
0.510941575,1
0.509523788,1
0.511353518,1
0.512802648,1
0.500880562,1
0.516964965,1
0.501825702,1
0.515839478,1
0.502183646,1
0.502894905,1
0.515311686,1
0.514436631,1
0.508332254,1
0.505227697,1
0.507069719,1
0.508684064,1
0.500650252,1
0.510925021,1
0.50956493,1
0.502331546,1
0.501519035,1
0.507425931,1
0.512625918,1
0.520182321,1
0.505704862,1
0.506092838,1
0.502054173,1
0.505904351,1
0.503454218,1
0.515302425,1
0.504840049,1
0.503973701,1
0.503261546,1
0.502769947,1
0.510692829,1
0.5062625,1
0.506778532,1
0.508061276,1
0.500197107,1
0.510197218,1
0.512692013,1
0.510238209,1
0.503811079,1
0.515376994,1
0.514295163,1
0.501372347,1
0.512753995,1
0.516324833,1
0.513515467,1
0.506771643,1
0.512832466,1
0.509985455,1
0.502572412,1
0.51614741,1
0.504871516,1
0.51458931,1
0.512651754,1
0.501363579,1
0.509461078,1
0.50795971,1
0.506440489,1
0.511588247,1
0.518343077,1
0.507958728,1
0.50882757,1
0.503582884,1
0.508957936,1
0.516154291,1
0.514460843,1
0.513525804,1
0.510367846,1
0.51257602,1
0.507279243,1
0.506307015,1
0.508093213,1
0.503975499,1
0.505451801,1
0.517847047,1
0.506017267,1
0.513723247,1
0.504599573,1
0.502527051,1
0.51627787,1
0.50700262,1
0.513256737,1
0.507545877,1
0.509397926,1
0.503325398,1
0.514107125,1
0.51599261,1
0.517272697,1
0.501344137,1
0.515472378,1
0.510350981,1
0.507147948,1
0.513738104,1
0.506429651,1
0.501430359,1
0.501767608,1
0.510035794,1
0.50023085,1
0.516016683,1
0.511032784,1
0.514386773,1
0.506703026,1
0.514183022,1
0.51103137,1
0.508163422,1
0.508004054,1
0.513996435,1
0.506983216,1
0.502922482,1
0.510699819,1
0.50048548,1
0.502566515,1
0.518133631,1
0.50883557,1
0.508884155,1
0.507904634,1
0.515148355,1
0.510066907,1
0.502094805,1
0.513841985,1
0.512002299,1
0.507826461,1
0.511874722,1
0.50709015,1
0.508871371,1
0.515846389,1
0.509704099,1
0.513950651,1
0.511481899,1
0.512854602,1
0.513199855,1
0.501618364,1
0.513316233,1
0.517315383,1
0.502972187,1
0.503268136,1
0.501863491,1
0.507433045,1
0.504865399,1
0.501124023,1
0.502932139,1
0.511990226,1
0.511905332,1
0.508809583,1
0.507987106,1
0.508572355,1
0.508366766,1
0.509314562,1
0.510601736,1
0.50838908,1
0.513335604,1
0.511454193,1
0.500824167,1
0.509702304,1
0.509238743,1
0.515789204,1
0.513594002,1
0.509230954,1
0.505324514,1
0.510668618,1
0.509930002,1
0.50257422,1
0.506594245,1
0.512327249,1
0.51823994,1
0.501359459,1
0.502731445,1
0.503270736,1
0.508694773,1
0.50425155,1
0.509795704,1
0.508615675,1
0.503896759,1
0.509842286,1
0.513968647,1
0.508279306,1
0.508142885,1
0.502707406,1
0.50558572,1
0.512587415,1
0.517059556,1
0.507786271,1
0.513901709,1
0.503498443,1
0.510196264,1
0.508379805,1
0.509692556,1
0.501097766,1
0.509409924,1
0.5037952,1
0.501026471,1
0.505783367,1
0.512744087,1
0.517125678,1
0.51198792,1
0.510754404,1
0.508382432,1
0.500921789,1
0.506349934,1
0.514389698,1
0.507579837,1
0.511019293,1
0.513179799,1
0.512138117,1
0.505979585,1
0.505045401,1
0.51693948,1
0.515527333,1
0.51358523,1
0.505831248,1
0.505492962,1
0.505315687,1
0.50568133,1
0.512121649,1
0.506680935,1
0.517016958,1
0.504935265,1
0.513926734,1
0.515228139,1
0.50156698,1
0.507870812,1
0.514161641,1
0.505534799,1
0.5114642,1
0.512701652,1
0.513547848,1
0.511994298,1
0.508453634,1
0.500840529,1
0.503265896,1
0.510687514,1
0.500691392,1
0.50510728,1
0.500023006,1
0.501964605,1
0.512658617,1
0.504359924,1
0.508549956,1
0.514120961,1
0.512804495,1
0.503848439,1
0.507929918,1
0.505674019,1
0.503897501,1
0.506217577,1
0.505301524,1
0.50237971,1
0.503013496,1
0.506743919,1
0.503557477,1
0.513670192,1
0.515542434,1
0.516764164,1
0.500252175,1
0.516476023,1
0.509337809,1
0.508615502,1
0.506655602,1
0.508309525,1
0.505210751,1
0.505845741,1
0.512329018,1
0.508049752,1
0.512356121,1
0.517538919,1
0.503783513,1
0.505686637,1
0.509048042,1
0.500883404,1
0.51399954,1
0.510704134,1
0.509897042,1
0.515178415,1
0.514299087,1
0.501703833,1
0.505579928,1
0.514433301,1
0.519049817,1
0.507923519,1
0.503866715,1
0.51931422,1
0.502816255,1
0.503676186,1
0.502387532,1
0.502324631,1
0.502533453,1
0.511691878,1
0.510889958,1
0.514881528,1
0.510267012,1
0.517278058,1
0.509216231,1
0.508465586,1
0.505694624,1
0.511556956,1
0.507137425,1
0.500214402,1
0.510981286,1
0.502862964,1
0.504296229,1
0.507610537,1
0.501653211,1
0.50851119,1
0.511021449,1
0.511863366,1
0.511179604,1
0.514901361,1
0.503244664,1
0.501857219,1
0.508949834,1
0.503271673,1
0.520426165,1
0.509206429,1
0.511225506,1
0.506755589,1
0.501678601,1
0.500560655,1
0.508781484,1
0.501264287,1
0.505648107,1
0.510771013,1
0.508019272,1
0.513057668,1
0.515545213,1
0.509261558,1
0.512341208,1
0.500545267,1
0.504785171,1
0.50849448,1
0.503294327,1
0.516835316,1
0.513898149,1
0.500782007,1
0.508296953,1
0.513545073,1
0.504123384,1
0.506169877,1
0.516040296,1
0.510520764,1
0.514347815,1
0.504043689,1
0.510917357,1
0.508775714,1
0.500486722,1
0.505789991,1
0.503708822,1
0.509281824,1
0.505600348,1
0.509311813,1
0.512418266,1
0.503725216,1
0.507944136,1
0.504688405,1
0.513840538,1
0.511126945,1
0.50800682,1
0.510498284,1
0.504440908,1
0.515070981,1
0.504708978,1
0.507939288,1
0.517567616,1
0.5012198,1
0.507550991,1
0.504607757,1
0.503985551,1
0.509591176,1
0.506563755,1
0.508502668,1
0.502853482,1
0.512667146,1
0.503999517,1
0.50968862,1
0.512141675,1
0.514162985,1
0.507827778,1
0.508827755,1
0.509771716,1
0.508365702,1
0.506930114,1
0.513426736,1
0.508087312,1
0.50987043,1
0.514558491,1
0.504242731,1
0.504615149,1
0.500749199,1
0.510622017,1
0.506105522,1
0.510765331,1
0.504892151,1
0.507975821,1
0.507845081,1
0.502050284,1
0.50448606,1
0.503905211,1
0.51814195,1
0.512762445,1
0.506561343,1
0.515326757,1
0.510370513,1
0.511976109,1
0.506567277,1
0.504448805,1
0.512716585,1
0.504892314,1
0.513488849,1
0.502808145,1
0.509858222,1
0.505418173,1
0.510327291,1
0.506771706,1
0.502801143,1
0.512334834,1
0.502597414,1
0.505695079,1
0.517102206,1
0.50450634,1
0.508682755,1
0.51041177,1
0.500524517,1
0.505407139,1
0.510720474,1
0.511491861,1
0.510920635,1
0.510360007,1
0.503070384,1
0.501047688,1
0.503198389,1
0.508044996,1
0.515614936,1
0.515470276,1
0.509775517,1
0.507011018,1
0.510597725,1
0.512551098,1
0.507194928,1
0.510200347,1
0.511900992,1
0.503626306,1
0.509361079,1
0.502202316,1
0.512767469,1
0.50510452,1
0.506116027,1
0.510214224,1
0.508666349,1
0.504036285,1
0.505947722,1
0.510125268,1
0.514902465,1
0.500975231,1
0.505755176,1
0.50537563,1
0.507852557,1
0.509311898,1
0.512417196,1
0.5135764,1
0.50068243,1
0.502678459,1
0.512940112,1
0.513106812,1
0.507866921,1
0.502859111,1
0.50053606,1
0.511652657,1
0.502005549,1
0.510948145,1
0.513050495,1
0.504432599,1
0.511430363,1
0.511062924,1
0.507963646,1
0.508417807,1
0.507747552,1
0.511485986,1
0.504037742,1
0.508740912,1
0.506698602,1
0.509486909,1
0.50890062,1
0.504030983,1
0.515281707,1
0.501645462,1
0.506760458,1
0.518600859,1
0.514756281,1
0.501977112,1
0.508784336,1
0.514693978,1
0.502851162,1
0.506411951,1
0.508623272,1
0.512839951,1
0.507295487,1
0.504637719,1
0.504601513,1
0.501329127,1
0.503786583,1
0.517057263,1
0.508870397,1
0.516208996,1
0.518754078,1
0.508352758,1
0.502049539,1
0.508226985,1
0.504432914,1
0.504200281,1
0.509128446,1
0.512302809,1
0.508479142,1
0.513983985,1
0.505043371,1
0.509533952,1
0.510730112,1
0.507108601,1
0.511705089,1
0.505226012,1
0.517366794,1
0.50601357,1
0.507458354,1
0.50124151,1
0.512549724,1
0.501499726,1
0.503515082,1
0.511080665,1
0.510713008,1
0.508162975,1
0.517561601,1
0.507420573,1
0.505198095,1
0.512934586,1
0.501439841,1
0.50034445,1
0.516435072,1
0.508208053,1
0.512576242,1
0.500763972,1
0.51006543,1
0.505420763,1
0.504375438,1
0.511501368,1
0.515834246,1
0.516946457,1
0.511318791,1
0.500837314,1
0.510297599,1
0.507332257,1
0.503535039,1
0.512605218,1
0.516192798,1
0.500417637,1
0.501838369,1
0.500871157,1
0.512273796,1
0.512633366,1
0.512641775,1
0.509418278,1
0.519691378,1
0.510854854,1
0.507842917,1
0.513040794,1
0.501217438,1
0.502764992,1
0.502409174,1
0.511998661,1
0.505902696,1
0.504542068,1
0.516436895,1
0.512830635,1
0.501488003,1
0.504866686,1
0.514888707,1
0.512308488,1
0.508315768,1
0.508870049,1
0.50570359,1
0.510510114,1
0.515261206,1
0.510218127,1
0.510847977,1
0.514622632,1
0.510748651,1
0.508483011,1
0.504785526,1
0.504725509,1
0.509411498,1
0.515072542,1
0.512690294,1
0.507388402,1
0.517906471,1
0.511018321,1
0.51306132,1
0.512509214,1
0.502061788,1
0.512759864,1
0.509017572,1
0.516865786,1
0.514570561,1
0.514291638,1
0.503137769,1
0.506320681,1
0.516449966,1
0.506357915,1
0.503313569,1
0.518269243,1
0.510245533,1
0.509265669,1
0.501231965,1
0.507288244,1
0.512371622,1
0.503883029,1
0.512891577,1
0.50020552,1
0.50903096,1
0.515975051,1
0.502122995,1
0.505716771,1
0.500915814,1
0.503314589,1
0.505562208,1
0.512276342,1
0.500854682,1
0.505918839,1
0.505076323,1
0.507604081,1
0.50542206,1
0.511005555,1
0.513172759,1
0.508385089,1
0.516570265,1
0.509889625,1
0.510689461,1
0.506142938,1
0.509042901,1
0.513547828,1
0.505806731,1
0.510742479,1
0.50414466,1
0.515572257,1
0.50154862,1
0.507838653,1
0.511295718,1
0.514832439,1
0.503817121,1
0.513956858,1
0.509003937,1
0.513548675,1
0.505884536,1
0.507342362,1
0.511745346,1
0.500875179,1
0.511738143,1
0.510301812,1
0.505601658,1
0.508896586,1
0.505019629,1
0.510427163,1
0.503668187,1
0.51177971,1
0.505660016,1
0.511850058,1
0.503903366,1
0.516608021,1
0.505293025,1
0.505826501,1
0.516581317,1
0.510486954,1
0.508630408,1
0.50994674,1
0.502268497,1
0.511193405,1
0.501532635,1
0.501964307,1
0.516409807,1
0.515576863,1
0.504004302,1
0.514190596,1
0.501683321,1
0.517938715,1
0.518575876,1
0.50517712,1
0.510365242,1
0.501731038,1
0.500097232,1
0.500733099,1
0.509275873,1
0.502422716,1
0.503390801,1
0.510861536,1
0.503768049,1
0.50566577,1
0.512372921,1
0.513534033,1
0.506697282,1
0.501825434,1
0.513516024,1
0.512357328,1
0.515368008,1
0.511195826,1
0.512376424,1
0.502782001,1
0.510741872,1
0.500898327,1
0.512642045,1
0.513910644,1
0.503832927,1
0.505912132,1
0.50719705,1
0.510930568,1
0.514467073,1
0.507799757,1
0.512667928,1
0.502277299,1
0.516931776,1
0.516478545,1
0.509483428,1
0.507551768,1
0.508047115,1
0.511506745,1
0.504594586,1
0.513108913,1
0.512795923,1
0.514325266,1
0.512920783,1
0.51054821,1
0.50960666,1
0.506487168,1
0.504809812,1
0.505019249,1
0.501828724,1
0.512045279,1
0.510503142,1
0.503991435,1
0.514137146,1
0.516749823,1
0.504532173,1
0.514466761,1
0.50010667,1
0.508313146,1
0.513239454,1
0.508611693,1
0.503839245,1
0.50407765,1
0.508414113,1
0.504241308,1
0.522888619,1
0.506736012,1
0.511506213,1
0.517939209,1
0.502841154,1
0.516075363,1
0.502334588,1
0.500072127,1
0.50812388,1
0.510940816,1
0.513353884,1
0.51168407,1
0.503677876,1
0.500443115,1
0.505999172,1
0.511928201,1
0.506968369,1
0.503754614,1
0.514071713,1
0.505506805,1
0.510645404,1
0.509097948,1
0.505041124,1
0.514504025,1
0.513107336,1
0.51375318,1
0.506859322,1
0.500098505,1
0.51412601,1
0.501703073,1
0.513110871,1
0.508130461,1
0.510290272,1
0.511242667,1
0.500579202,1
0.512470963,1
0.502250342,1
0.50713689,1
0.510538674,1
0.507278756,1
0.510748451,1
0.503324244,1
0.510904551,1
0.507681533,1
0.512880779,1
0.51167505,1
0.510046613,1
0.504815934,1
0.501686849,1
0.503444466,1
0.508487397,1
0.501433559,1
0.506189229,1
0.503453673,1
0.509786737,1
0.511311977,1
0.507715078,1
0.50056829,1
0.504397724,1
0.508333343,1
0.509663636,1
0.501364454,1
0.506706013,1
0.501721583,1
0.509785775,1
0.511525855,1
0.514102189,1
0.520458147,1
0.503867818,1
0.501449988,1
0.505743115,1
0.507623847,1
0.51197805,1
0.502453748,1
0.500096552,1
0.511117532,1
0.513496651,1
0.510368758,1
0.505989933,1
0.514784214,1
0.517142973,1
0.506586332,1
0.508197623,1
0.513953204,1
0.509483765,1
0.510245641,1
0.510364188,1
0.515685661,1
0.511013166,1
0.512314954,1
0.5023598,1
0.503597148,1
0.509514899,1
0.514318704,1
0.504441321,1
0.506391962,1
0.513884125,1
0.518215425,1
0.506051699,1
0.500784939,1
0.507865099,1
0.503976101,1
0.521357888,1
0.507805356,1
0.507891097,1
0.517797171,1
0.509929242,1
0.513084117,1
0.5037033,1
0.517407087,1
0.504329394,1
0.504773172,1
0.508157051,1
0.503140484,1
0.509861431,1
0.508181295,1
0.504658708,1
0.520519471,1
0.50310411,1
0.509134758,1
0.517748944,1
0.508840131,1
0.5012453,1
0.512701557,1
0.503635548,1
0.51389415,1
0.505500008,1
0.515358422,1
0.501080103,1
0.513920681,1
0.512559472,1
0.504466651,1
0.501600645,1
0.505453649,1
0.510161016,1
0.50475098,1
0.505010505,1
0.500369812,1
0.51050856,1
0.50533841,1
0.509738423,1
0.509465669,1
0.516734,1
0.507131296,1
0.51527492,1
0.503747685,1
0.504473506,1
0.511139649,1
0.512353983,1
0.509083171,1
0.504165244,1
0.5104054,1
0.513443232,1
0.50065439,1
0.504405366,1
0.500244592,1
0.518556373,1
0.510763439,1
0.509924784,1
0.512438126,1
0.500025055,1
0.513461374,1
0.507228564,1
0.516054364,1
0.514861808,1
0.503840072,1
0.502780796,1
0.505677548,1
0.507695025,1
0.513630569,1
0.504418395,1
0.50816996,1
0.506224183,1
0.515015863,1
0.513275489,1
0.508153275,1
0.515288987,1
0.506246425,1
0.509994948,1
0.511708379,1
0.509711521,1
0.509898894,1
0.506716146,1
0.500332335,1
0.512669243,1
0.512881819,1
0.514355031,1
0.509617868,1
0.506289278,1
0.513929697,1
0.502877053,1
0.513561668,1
0.511566004,1
0.506368291,1
0.501091456,1
0.505681413,1
0.507889408,1
0.511076632,1
0.506672754,1
0.514369512,1
0.516764653,1
0.513739001,1
0.509063402,1
0.513927898,1
0.5015781,1
0.513841925,1
0.508388893,1
0.504165979,1
0.514523338,1
0.50069563,1
0.509192052,1
0.503180625,1
0.506547083,1
0.50680213,1
0.51043297,1
0.51718551,1
0.507868395,1
0.506995713,1
0.504461319,1
0.51238269,1
0.504050704,1
0.513673248,1
0.514542457,1
0.503895766,1
0.517255337,1
0.513217717,1
0.509931808,1
0.507707577,1
0.509716941,1
0.501471886,1
0.509352452,1
0.510443878,1
0.515671383,1
0.500616827,1
0.502261627,1
0.510623813,1
0.509032327,1
0.510043599,1
0.515200167,1
0.501410151,1
0.503970759,1
0.507448894,1
0.502770872,1
0.51040019,1
0.511883544,1
0.512913865,1
0.503598775,1
0.508543231,1
0.50124916,1
0.51071822,1
0.506514076,1
0.50328332,1
0.505806366,1
0.507590659,1
0.511856522,1
0.510266884,1
0.511038506,1
0.514370838,1
0.513471222,1
0.515263633,1
0.510017454,1
0.50196107,1
0.512072538,1
0.508702221,1
0.510994138,1
0.509556226,1
0.512760139,1
0.513923324,1
0.512344668,1
0.512077173,1
0.50060748,1
0.513478441,1
0.510944569,1
0.516315705,1
0.503081019,1
0.502757802,1
0.512591705,1
0.515977736,1
0.508667054,1
0.506826943,1
0.507335841,1
0.518849226,1
0.512477089,1
0.501230263,1
0.516609334,1
0.51438969,1
0.506472108,1
0.509618956,1
0.51249131,1
0.509499642,1
0.504140515,1
0.516436491,1
0.502366127,1
0.503492253,1
0.504676326,1
0.508063173,1
0.510225317,1
0.505201515,1
0.513574436,1
0.515653815,1
0.504824633,1
0.507221385,1
0.505757286,1
0.51586302,1
0.50941385,1
0.505590954,1
0.516472469,1
0.510528631,1
0.504025508,1
0.506590476,1
0.508193294,1
0.51222104,1
0.513579455,1
0.511627086,1
0.504053354,1
0.511747323,1
0.502658705,1
0.507177669,1
0.513020166,1
0.511546349,1
0.515901513,1
0.513147574,1
0.512760773,1
0.505320692,1
0.506034165,1
0.511752555,1
0.509448493,1
0.508346465,1
0.51524803,1
0.509611178,1
0.502175526,1
0.508577119,1
0.501243562,1
0.510896537,1
0.510794947,1
0.509194816,1
0.512440167,1
0.511940792,1
0.502889088,1
0.508652621,1
0.500862417,1
0.506591218,1
0.517192889,1
0.502993137,1
0.510171392,1
0.502211638,1
0.500946329,1
0.50716209,1
0.511840918,1
0.50118017,1
0.501231658,1
0.510560089,1
0.514964762,1
0.507342947,1
0.512772641,1
0.508543771,1
0.502702834,1
0.507846538,1
0.50009617,1
0.510063031,1
0.510026481,1
0.515075809,1
0.512813182,1
0.505090759,1
0.507814424,1
0.511801813,1
0.507837386,1
0.501016551,1
0.510770863,1
0.517900034,1
0.500852704,1
0.511150246,1
0.515347125,1
0.506465032,1
0.509446836,1
0.510538049,1
0.509821961,1
0.50778918,1
0.500712847,1
0.501116328,1
0.501860224,1
0.500053827,1
0.502186209,1
0.507495798,1
0.50004705,1
0.501944385,1
0.507858733,1
0.508039827,1
0.500938026,1
0.511542219,1
0.50495787,1
0.508436832,1
0.50846023,1
0.510085095,1
0.513902588,1
0.508102736,1
0.513380295,1
0.502540408,1
0.505217933,1
0.5045077,1
0.512317198,1
0.502007117,1
0.506200855,1
0.501179303,1
0.511229147,1
0.508242276,1
0.507511557,1
0.511199034,1
0.51528852,1
0.508209602,1
0.514585828,1
0.51343245,1
0.515059594,1
0.514804177,1
0.512720182,1
0.512319853,1
0.503037113,1
0.512515215,1
0.50154504,1
0.512194934,1
0.511062447,1
0.507885684,1
0.504905088,1
0.507250489,1
0.508120753,1
0.51196604,1
0.503375581,1
0.511714201,1
0.500830934,1
0.511466767,1
0.510612911,1
0.500781642,1
0.501759838,1
0.5045451,1
0.50490748,1
0.501498803,1
0.518218633,1
0.500529332,1
0.510593847,1
0.504026055,1
0.505477838,1
0.505388411,1
0.504565631,1
0.512311961,1
0.511764626,1
0.509123377,1
0.51010209,1
0.504241478,1
0.517847015,1
0.502096895,1
0.50002657,1
0.510263618,1
0.507688102,1
0.502841727,1
0.52012606,1
0.507056391,1
0.504718975,1
0.506971246,1
0.512036599,1
0.507505929,1
0.507816651,1
0.513030017,1
0.507596513,1
0.508894654,1
0.500961706,1
0.50281267,1
0.505692142,1
0.512416482,1
0.507549514,1
0.50560867,1
0.510071123,1
0.500852787,1
0.510685205,1
0.510836765,1
0.514549908,1
0.511037766,1
0.505867068,1
0.516198414,1
0.501029549,1
0.510395409,1
0.5128048,1
0.510840793,1
0.512584237,1
0.510129941,1
0.51368671,1
0.505406529,1
0.503760987,1
0.508178605,1
0.501713716,1
0.50744318,1
0.507891387,1
0.503479521,1
0.501305637,1
0.509693323,1
0.504664375,1
0.513254529,1
0.516263126,1
0.511776177,1
0.501879239,1
0.50221871,1
0.5107354,1
0.506253399,1
0.516400077,1
0.501834729,1
0.510817964,1
0.513759388,1
0.507347641,1
0.518142904,1
0.50734153,1
0.510824901,1
0.508321202,1
0.515863262,1
0.50830159,1
0.508620486,1
0.512400639,1
0.504188462,1
0.51629694,1
0.506504576,1
0.504124756,1
0.514649004,1
0.510671487,1
0.505634194,1
0.510646581,1
0.501629374,1
0.51048599,1
0.503474769,1
0.519272242,1
0.507127682,1
0.503636963,1
0.507710719,1
0.510619235,1
0.516049624,1
0.513492906,1
0.50655118,1
0.506998768,1
0.503817486,1
0.510623886,1
0.515138956,1
0.503073521,1
0.50977294,1
0.502037009,1
0.50029251,1
0.510534943,1
0.511415274,1
0.502652125,1
0.504535528,1
0.5150301,1
0.509937341,1
0.506601274,1
0.511046999,1
0.500176857,1
0.501890736,1
0.500819284,1
0.514991565,1
0.505123903,1
0.506606573,1
0.509091793,1
0.511396831,1
0.512185399,1
0.516287276,1
0.500095012,1
0.508530552,1
0.510008106,1
0.51574262,1
0.501102131,1
0.513130683,1
0.50588759,1
0.510247637,1
0.502660127,1
0.501146875,1
0.511414152,1
0.517693664,1
0.514486979,1
0.506072621,1
0.511605218,1
0.513309463,1
0.512815997,1
0.512376606,1
0.511847629,1
0.508758497,1
0.510939914,1
0.511090123,1
0.509448668,1
0.501243025,1
0.508445704,1
0.502555013,1
0.501920066,1
0.51370695,1
0.503178017,1
0.500808219,1
0.50043767,1
0.50910863,1
0.51059329,1
0.517240155,1
0.500712927,1
0.510096205,1
0.50048178,1
0.508726601,1
0.511309993,1
0.504087134,1
0.50507957,1
0.51355239,1
0.502048611,1
0.506038761,1
0.509983895,1
0.50124877,1
0.511395929,1
0.509461308,1
0.509679061,1
0.500153797,1
0.51259881,1
0.503784645,1
0.508112668,1
0.502266104,1
0.501433759,1
0.501306032,1
0.505446555,1
0.506541692,1
0.509433076,1
0.514086704,1
0.505183932,1
0.501820554,1
0.510134319,1
0.517024496,1
0.510955446,1
0.506497972,1
0.504767236,1
0.516342766,1
0.503623277,1
0.500730429,1
0.504271446,1
0.507754221,1
0.513208848,1
0.505769149,1
0.514516657,1
0.502198216,1
0.508000987,1
0.511435311,1
0.508338994,1
0.500008523,1
0.50735205,1
0.502072993,1
0.516435509,1
0.50770655,1
0.517553775,1
0.520490181,1
0.508851165,1
0.509235834,1
0.512311061,1
0.512338292,1
0.501412826,1
0.51590193,1
0.514531037,1
0.509324871,1
0.512409271,1
0.514270551,1
0.508958864,1
0.503970772,1
0.502788336,1
0.514687898,1
0.51334145,1
0.51231248,1
0.515413952,1
0.501934543,1
0.510476092,1
0.505906183,1
0.507226332,1
0.512429426,1
0.510466496,1
0.502736103,1
0.506619036,1
0.516108945,1
0.510396646,1
0.514076249,1
0.512063496,1
0.500863209,1
0.513085426,1
0.502257235,1
0.50434936,1
0.512268392,1
0.509619708,1
0.503336068,1
0.503564975,1
0.511989254,1
0.512095562,1
0.502678582,1
0.512409076,1
0.505674151,1
0.500235515,1
0.512930764,1
0.510661094,1
0.509281044,1
0.507393986,1
0.501683336,1
0.514252693,1
0.515277093,1
0.509889038,1
0.502110977,1
0.509621282,1
0.505887933,1
0.504217085,1
0.50771667,1
0.51081628,1
0.503622694,1
0.504241063,1
0.505780425,1
0.509472037,1
0.511810445,1
0.504448518,1
0.507273334,1
0.501275432,1
0.5005748,1
0.509989451,1
0.511339815,1
0.510914531,1
0.517463676,1
0.512105234,1
0.500982381,1
0.504692302,1
0.506693413,1
0.516624797,1
0.513633809,1
0.514780907,1
0.512728347,1
0.515908803,1
0.507399682,1
0.515143195,1
0.513299952,1
0.509788017,1
0.512165661,1
0.516804384,1
0.509421165,1
0.500289362,1
0.505407244,1
0.515356294,1
0.511081378,1
0.510707903,1
0.505857949,1
0.506899647,1
0.511247985,1
0.503328603,1
0.501110486,1
0.508272103,1
0.51748058,1
0.501689071,1
0.509448872,1
0.505778438,1
0.504576095,1
0.51410702,1
0.506256243,1
0.505353023,1
0.501070426,1
0.513523761,1
0.500359585,1
0.500294057,1
0.502205488,1
0.516377294,1
0.509132557,1
0.503059589,1
0.506735375,1
0.50587566,1
0.505212709,1
0.515410215,1
0.505809371,1
0.501467678,1
0.512430968,1
0.51338394,1
0.51382793,1
0.504062716,1
0.510085894,1
0.509437247,1
0.502362815,1
0.501237355,1
0.50335121,1
0.51275056,1
0.517195146,1
0.510063418,1
0.509478152,1
0.510550331,1
0.502341778,1
0.50010521,1
0.509480139,1
0.517429223,1
0.513978047,1
0.513438185,1
0.506226676,1
0.505494264,1
0.512386163,1
0.501619184,1
0.510381578,1
0.511307212,1
0.502127255,1
0.506062243,1
0.502283669,1
0.503432389,1
0.515717025,1
0.501129506,1
0.514596037,1
0.506000909,1
0.505527822,1
0.503450403,1
0.506347884,1
0.506546056,1
0.511495434,1
0.506699122,1
0.501124081,1
0.50400148,1
0.507884631,1
0.509873047,1
0.502428436,1
0.510686822,1
0.505140596,1
0.507739667,1
0.507772739,1
0.501275937,1
0.50798105,1
0.515498156,1
0.51086293,1
0.505021626,1
0.506222174,1
0.510583142,1
0.510933607,1
0.507986156,1
0.501220728,1
0.509794999,1
0.507218318,1
0.507580909,1
0.508411204,1
0.501017314,1
0.501251965,1
0.515285593,1
0.508429849,1
0.512609233,1
0.512456909,1
0.507395498,1
0.507237222,1
0.513465608,1
0.514256804,1
0.500333565,1
0.514560072,1
0.500260867,1
0.506618493,1
0.502374895,1
0.502150754,1
0.508896101,1
0.5058151,1
0.511801843,1
0.502503834,1
0.512100484,1
0.506488123,1
0.511014168,1
0.503493233,1
0.507238559,1
0.506561746,1
0.50365668,1
0.507122616,1
0.504410918,1
0.50921891,1
0.503692265,1
0.503052385,1
0.516857476,1
0.513525265,1
0.508809886,1
0.512829661,1
0.501705306,1
0.504892644,1
0.513946239,1
0.507168044,1
0.51632334,1
0.50485123,1
0.5015936,1
0.510726999,1
0.504050479,1
0.511509289,1
0.50002528,1
0.517264349,1
0.509739588,1
0.513156362,1
0.506673141,1
0.513456,1
0.503018141,1
0.506808254,1
0.505120471,1
0.512843794,1
0.511191118,1
0.504449175,1
0.506045893,1
0.511518634,1
0.507166152,1
0.510875662,1
0.516801824,1
0.510010362,1
0.512323776,1
0.506516681,1
0.513698331,1
0.512864598,1
0.506020282,1
0.512050953,1
0.502194936,1
0.500760369,1
0.512321865,1
0.508905458,1
0.502109725,1
0.500945056,1
0.5103053,1
0.516592098,1
0.502922462,1
0.500175692,1
0.514597675,1
0.502935886,1
0.511256628,1
0.504312838,1
0.510195027,1
0.502607026,1
0.513477649,1
0.507212595,1
0.50485431,1
0.50028617,1
0.502438211,1
0.503326573,1
0.513086713,1
0.511809208,1
0.50583493,1
0.509939538,1
0.515923918,1
0.51275087,1
0.504497581,1
0.507353645,1
0.508122315,1
0.514878261,1
0.505123016,1
0.511428766,1
0.507731089,1
0.511009033,1
0.506802775,1
0.505400223,1
0.51131966,1
0.512117065,1
0.510669393,1
0.513590422,1
0.511866754,1
0.505737913,1
0.500855667,1
0.515886563,1
0.515242346,1
0.513968819,1
0.506213768,1
0.511736017,1
0.507105737,1
0.511272182,1
0.510247035,1
0.51436306,1
0.514270046,1
0.506648561,1
0.505326096,1
0.508855087,1
0.50601385,1
0.513349784,1
0.503357992,1
0.506889536,1
0.512926102,1
0.510896382,1
0.511069376,1
0.503348417,1
0.500313225,1
0.505634811,1
0.507855886,1
0.507853804,1
0.511075515,1
0.513782538,1
0.510615147,1
0.503522344,1
0.510839491,1
0.505268213,1
0.509241707,1
0.506321478,1
0.509544498,1
0.508857806,1
0.506239274,1
0.507045051,1
0.509812298,1
0.515806254,1
0.508832414,1
0.500806922,1
0.504781344,1
0.504440761,1
0.507778267,1
0.503253004,1
0.515857745,1
0.513046368,1
0.509253821,1
0.509227285,1
0.50414458,1
0.513099512,1
0.513542722,1
0.511216725,1
0.509974557,1
0.511934853,1
0.505865528,1
0.511108532,1
0.505140006,1
0.511365654,1
0.503015881,1
0.509624626,1
0.510169592,1
0.504160102,1
0.511072874,1
0.51092247,1
0.507505286,1
0.502836702,1
0.506848722,1
0.508872841,1
0.500121027,1
0.506530454,1
0.502269042,1
0.516843469,1
0.513005096,1
0.50070358,1
0.508444097,1
0.510384754,1
0.512245203,1
0.509451074,1
0.510572344,1
0.513467734,1
0.503281633,1
0.503816991,1
0.504813159,1
0.508923245,1
0.504874998,1
0.512280385,1
0.504232956,1
0.511654771,1
0.510551696,1
0.50445296,1
0.50288716,1
0.516775796,1
0.509632393,1
0.511568408,1
0.505618416,1
0.505262636,1
0.510047072,1
0.501884856,1
0.509134893,1
0.514643751,1
0.508054968,1
0.510919091,1
0.515041535,1
0.506038639,1
0.520660172,1
0.508006563,1
0.510466461,1
0.505288558,1
0.51153085,1
0.510263496,1
0.50912968,1
0.503469337,1
0.510075858,1
0.507593439,1
0.505139726,1
0.510482959,1
0.513863733,1
0.503139936,1
0.50920389,1
0.503324411,1
0.513118301,1
0.518621126,1
0.509186236,1
0.505971106,1
0.51233343,1
0.50517543,1
0.505837175,1
0.502095145,1
0.517908039,1
0.515446346,1
0.513727986,1
0.501341187,1
0.507163555,1
0.504579544,1
0.506321108,1
0.503065112,1
0.505490522,1
0.511823525,1
0.513590277,1
0.514578901,1
0.504762626,1
0.508099994,1
0.515835759,1
0.515836943,1
0.513400078,1
0.511350872,1
0.511893923,1
0.508849123,1
0.502250152,1
0.509969733,1
0.507819337,1
0.512769945,1
0.506027725,1
0.501620894,1
0.511333516,1
0.504534628,1
0.503153756,1
0.511269071,1
0.509855396,1
0.513669798,1
0.501483371,1
0.512496102,1
0.509695677,1
0.518289606,1
0.500984781,1
0.514601789,1
0.505714766,1
0.512215082,1
0.506889544,1
0.508782682,1
0.503976664,1
0.501345089,1
0.502550378,1
0.519811365,1
0.505956318,1
0.500828252,1
0.503549175,1
0.516428584,1
0.511059051,1
0.511331527,1
0.505962657,1
0.513231797,1
0.510093706,1
0.509520897,1
0.511720288,1
0.511012651,1
0.51162368,1
0.510401911,1
0.51568909,1
0.505263811,1
0.509749074,1
0.513511165,1
0.507880912,1
0.516748679,1
0.510898279,1
0.501622569,1
0.511007486,1
0.514888747,1
0.506441089,1
0.504154347,1
0.513953933,1
0.510109245,1
0.513448481,1
0.506383148,1
0.501499708,1
0.509795604,1
0.508892285,1
0.500810554,1
0.50275223,1
0.502764147,1
0.518278486,1
0.504705434,1
0.516569208,1
0.503477466,1
0.505268333,1
0.51045757,1
0.511839694,1
0.516031693,1
0.50297586,1
0.518556813,1
0.504530401,1
0.514625369,1
0.509190985,1
0.509324059,1
0.505256581,1
0.500194185,1
0.508554638,1
0.505617774,1
0.500723269,1
0.511131126,1
0.511722706,1
0.50594168,1
0.510662026,1
0.511868703,1
0.503446358,1
0.510783965,1
0.510722646,1
0.51145941,1
0.501022559,1
0.502497877,1
0.507875396,1
0.505309618,1
0.506616774,1
0.50766334,1
0.506354828,1
0.512341258,1
0.501943078,1
0.504676551,1
0.512729501,1
0.511747028,1
0.503649998,1
0.504214755,1
0.502093408,1
0.514406334,1
0.500003255,1
0.509515543,1
0.502931154,1
0.507350175,1
0.510677242,1
0.511049336,1
0.506727654,1
0.504698139,1
0.51641618,1
0.501003481,1
0.506545524,1
0.503029858,1
0.501033191,1
0.500624135,1
0.511669913,1
0.510983688,1
0.512122137,1
0.50749956,1
0.505749169,1
0.504551229,1
0.505511194,1
0.504408803,1
0.504177808,1
0.515580961,1
0.515488326,1
0.507613596,1
0.510460503,1
0.516495696,1
0.512106094,1
0.500144492,1
0.50913831,1
0.513493345,1
0.50535405,1
0.514687006,1
0.51479431,1
0.502965125,1
0.508833106,1
0.504658163,1
0.512748232,1
0.513264152,1
0.510241382,1
0.519248183,1
0.513657837,1
0.504862129,1
0.512096134,1
0.513952584,1
0.516512411,1
0.511139931,1
0.513735149,1
0.503745542,1
0.508700382,1
0.506019932,1
0.506523425,1
0.506628344,1
0.512270126,1
0.508804755,1
0.512342177,1
0.50548437,1
0.509419118,1
0.511491099,1
0.511145703,1
0.514229859,1
0.514864961,1
0.501735361,1
0.50315956,1
0.511898716,1
0.503157763,1
0.508368046,1
0.501314592,1
0.504455057,1
0.508130418,1
0.509943741,1
0.509881198,1
0.504135261,1
0.512026982,1
0.514182237,1
0.517634418,1
0.503198344,1
0.506275096,1
0.505356455,1
0.509208799,1
0.510992706,1
0.501060203,1
0.506335333,1
0.501329597,1
0.511640686,1
0.508819948,1
0.511945529,1
0.517388657,1
0.516557756,1
0.508985722,1
0.51286905,1
0.503805329,1
0.513154744,1
0.506759046,1
0.506078271,1
0.512877244,1
0.506136359,1
0.504043422,1
0.500954731,1
0.513396945,1
0.513667682,1
0.509118891,1
0.507670418,1
0.503475587,1
0.507052205,1
0.502197921,1
0.511927692,1
0.50949039,1
0.508286024,1
0.515134877,1
0.505895517,1
0.5074209,1
0.509515309,1
0.502522566,1
0.517016331,1
0.51534678,1
0.503188244,1
0.513263083,1
0.507075835,1
0.514266931,1
0.511627473,1
0.513614531,1
0.512930776,1
0.501511008,1
0.51203489,1
0.502009117,1
0.512636956,1
0.503726259,1
0.50699852,1
0.502963155,1
0.511584014,1
0.504939139,1
0.508745261,1
0.504586751,1
0.505389246,1
0.503380858,1
0.510466413,1
0.511118227,1
0.51140802,1
0.511179182,1
0.511701168,1
0.511413037,1
0.500410842,1
0.510452257,1
0.508857981,1
0.505539518,1
0.506306443,1
0.510559969,1
0.506053874,1
0.507540063,1
0.512005547,1
0.50126128,1
0.512748976,1
0.505683683,1
0.508690975,1
0.50888313,1
0.501305307,1
0.509977713,1
0.512095045,1
0.509976118,1
0.514016764,1
0.507001467,1
0.515444463,1
0.507337143,1
0.501526703,1
0.500876209,1
0.501622094,1
0.513206952,1
0.519072047,1
0.507516801,1
0.511806258,1
0.513222846,1
0.509597673,1
0.514634654,1
0.512399008,1
0.512230732,1
0.511644444,1
0.50659587,1
0.507889853,1
0.514970334,1
0.509621157,1
0.513911491,1
0.513912608,1
0.511878632,1
0.503661047,1
0.504806772,1
0.51164328,1
0.508823921,1
0.510237214,1
0.511572128,1
0.509268676,1
0.510841825,1
0.512256727,1
0.501140856,1
0.506568092,1
0.501017084,1
0.510635968,1
0.512112315,1
0.50959212,1
0.50428527,1
0.500113402,1
0.507407238,1
0.504298649,1
0.500189955,1
0.504360979,1
0.513134647,1
0.508097989,1
0.507153739,1
0.514078285,1
0.510809635,1
0.509750146,1
0.504585431,1
0.512614015,1
0.505333263,1
0.50851347,1
0.507102397,1
0.505599398,1
0.504603805,1
0.513634137,1
0.508524286,1
0.501562727,1
0.509768087,1
0.514453762,1
0.501108048,1
0.503872368,1
0.506010893,1
0.510444063,1
0.514254034,1
0.504667754,1
0.502583592,1
0.503369064,1
0.509754242,1
0.516572492,1
0.502187169,1
0.51054847,1
0.502406386,1
0.507722431,1
0.509110542,1
0.511516613,1
0.513449537,1
0.514907965,1
0.502990232,1
0.503430086,1
0.512014889,1
0.507669896,1
0.506258986,1
0.50653886,1
0.502697151,1
0.517319728,1
0.503220263,1
0.51261825,1
0.510683929,1
0.509774734,1
0.503974079,1
0.513132362,1
0.516956897,1
0.514520548,1
0.518356761,1
0.500402812,1
0.500286842,1
0.511900312,1
0.515904867,1
0.507661673,1
0.502569777,1
0.510027125,1
0.514453507,1
0.516559636,1
0.515407625,1
0.51413265,1
0.513843838,1
0.510476361,1
0.508449673,1
0.502403804,1
0.501907136,1
0.506076698,1
0.506017887,1
0.510764691,1
0.516010542,1
0.509622194,1
0.507346631,1
0.502824822,1
0.51484585,1
0.512586021,1
0.51213771,1
0.501900963,1
0.511271752,1
0.513373704,1
0.51663566,1
0.513464926,1
0.508929258,1
0.507309912,1
0.507056184,1
0.503592743,1
0.505276307,1
0.508515324,1
0.504565043,1
0.514179487,1
0.50745713,1
0.508800384,1
0.503091273,1
0.514011456,1
0.509055397,1
0.51203098,1
0.516058777,1
0.509409157,1
0.501815092,1
0.509955899,1
0.512358885,1
0.503448608,1
0.513105035,1
0.50485798,1
0.506905426,1
0.502360865,1
0.508676759,1
0.510075503,1
0.514291264,1
0.513880328,1
0.507029844,1
0.51574479,1
0.504254365,1
0.516141337,1
0.511433769,1
0.502448705,1
0.514885647,1
0.515145243,1
0.502828602,1
0.505185402,1
0.503885872,1
0.500863849,1
0.51001052,1
0.514181828,1
0.504941432,1
0.512817419,1
0.504827705,1
0.513058979,1
0.503115637,1
0.501724483,1
0.515914592,1
0.515573943,1
0.512842362,1
0.506039286,1
0.517717409,1
0.509346571,1
0.505736523,1
0.513353621,1
0.516344947,1
0.508535648,1
0.503877597,1
0.513424001,1
0.5039886,1
0.515675873,1
0.507556417,1
0.506144338,1
0.512613898,1
0.514079037,1
0.501190693,1
0.507412982,1
0.513997039,1
0.508243178,1
0.51552587,1
0.502636623,1
0.507853217,1
0.508091136,1
0.500817394,1
0.51045702,1
0.504254217,1
0.50123777,1
0.511094174,1
0.512212131,1
0.506042546,1
0.514929838,1
0.504267174,1
0.516198754,1
0.511175409,1
0.502099725,1
0.50324342,1
0.504781724,1
0.509083568,1
0.501575835,1
0.505883958,1
0.51732822,1
0.501446876,1
0.515157714,1
0.507730012,1
0.512980475,1
0.505215676,1
0.508227612,1
0.511570439,1
0.50639005,1
0.508172005,1
0.504717505,1
0.503126099,1
0.505498031,1
0.513008047,1
0.500337762,1
0.503291997,1
0.510388445,1
0.506754649,1
0.501481261,1
0.501628937,1
0.510504612,1
0.5015909,1
0.514019971,1
0.506976985,1
0.500061935,1
0.510303774,1
0.508289383,1
0.504615201,1
0.506111733,1
0.500280667,1
0.510740912,1
0.508026885,1
0.513361448,1
0.511811232,1
0.507078337,1
0.504819671,1
0.504153267,1
0.508304994,1
0.509973087,1
0.514001946,1
0.510296259,1
0.501099383,1
0.504621188,1
0.502546223,1
0.505097048,1
0.506604496,1
0.503161523,1
0.513763517,1
0.505695019,1
0.503015321,1
0.506424544,1
0.51760609,1
0.500377585,1
0.513010218,1
0.51135913,1
0.500320827,1
0.511964268,1
0.508740445,1
0.504969194,1
0.505773623,1
0.511830951,1
0.500503475,1
0.516548456,1
0.516009078,1
0.514577153,1
0.508894339,1
0.507862024,1
0.513212471,1
0.506089306,1
0.509225798,1
0.505832713,1
0.50894694,1
0.502650908,1
0.508292022,1
0.507200092,1
0.504046172,1
0.51103066,1
0.509652156,1
0.511610248,1
0.50669604,1
0.511847564,1
0.502526241,1
0.52026669,1
0.511791448,1
0.512025411,1
0.50036398,1
0.500949096,1
0.516678053,1
0.512281889,1
0.502622616,1
0.507613566,1
0.513727931,1
0.507742589,1
0.506796176,1
0.506379336,1
0.520433553,1
0.508065695,1
0.50014486,1
0.506474241,1
0.512426848,1
0.516239626,1
0.50893875,1
0.501118648,1
0.512780356,1
0.504149832,1
0.501615322,1
0.500701497,1
0.509578306,1
0.517896307,1
0.510581085,1
0.51212415,1
0.500957241,1
0.504917891,1
0.50067653,1
0.504901301,1
0.508944803,1
0.509314202,1
0.512573928,1
0.51077393,1
0.51577044,1
0.512365918,1
0.519740209,1
0.502222155,1
0.501996417,1
0.507612329,1
0.507117827,1
0.503359507,1
0.503757337,1
0.501859299,1
0.508753281,1
0.512421236,1
0.510424689,1
0.513666055,1
0.513041409,1
0.517281007,1
0.508092506,1
0.506587589,1
0.511301572,1
0.507621332,1
0.507585143,1
0.508712186,1
0.505201152,1
0.500969621,1
0.510396079,1
0.513451006,1
0.506974408,1
0.511510803,1
0.511424899,1
0.512340243,1
0.508234478,1
0.504403719,1
0.50863991,1
0.502221175,1
0.509400637,1
0.514835679,1
0.506385193,1
0.504293727,1
0.51045013,1
0.503595588,1
0.518052752,1
0.500747269,1
0.51000327,1
0.502320321,1
0.509633243,1
0.50225941,1
0.501731048,1
0.510925933,1
0.518074294,1
0.506777872,1
0.511320213,1
0.514744726,1
0.502437371,1
0.515577867,1
0.512552514,1
0.504152457,1
0.500335695,1
0.501719466,1
0.520500281,1
0.509535969,1
0.506875374,1
0.510996966,1
0.513155888,1
0.506157464,1
0.502590054,1
0.507813816,1
0.50999023,1
0.506795682,1
0.513001406,1
0.514948104,1
0.505027683,1
0.51712804,1
0.503458727,1
0.504897006,1
0.504990432,1
0.504141148,1
0.518412258,1
0.508612086,1
0.50438743,1
0.503948305,1
0.501824154,1
0.511460622,1
0.515356189,1
0.514993568,1
0.512269144,1
0.509459836,1
0.508775301,1
0.511621681,1
0.501764908,1
0.513513893,1
0.509755337,1
0.512945346,1
0.519872499,1
0.514635308,1
0.512300713,1
0.510055989,1
0.512558001,1
0.513030139,1
0.510548665,1
0.500633535,1
0.509846042,1
0.500974519,1
0.504339066,1
0.508135414,1
0.505618943,1
0.514457886,1
0.516014063,1
0.504066703,1
0.506844185,1
0.505605165,1
0.510979655,1
0.508150615,1
0.506078888,1
0.505238976,1
0.511843507,1
0.503385021,1
0.501463093,1
0.513642228,1
0.501137378,1
0.508490689,1
0.504962245,1
0.50765158,1
0.506040869,1
0.517018076,1
0.504425419,1
0.503206384,1
0.512081785,1
0.505942405,1
0.503244427,1
0.50069528,1
0.500769592,1
0.511124924,1
0.502383362,1
0.505572412,1
0.51843117,1
0.504645904,1
0.50930578,1
0.510693459,1
0.515464871,1
0.503046055,1
0.519739248,1
0.514179842,1
0.510092254,1
0.51026461,1
0.509797668,1
0.504884745,1
0.50010672,1
0.513716962,1
0.502364752,1
0.513084122,1
0.509919061,1
0.506401285,1
0.510780324,1
0.504337106,1
0.501039889,1
0.502973232,1
0.512022275,1
0.510925646,1
0.50562811,1
0.504320317,1
0.509381541,1
0.506271441,1
0.504306988,1
0.503778233,1
0.509452366,1
0.512622123,1
0.515935721,1
0.505531952,1
0.511273624,1
0.509507314,1
0.500725022,1
0.508015148,1
0.510559005,1
0.513479003,1
0.501287142,1
0.50198482,1
0.511963928,1
0.510944112,1
0.507715905,1
0.50788052,1
0.511149074,1
0.511888794,1
0.504594783,1
0.517275056,1
0.504204181,1
0.501383751,1
0.502865391,1
0.504525324,1
0.504655778,1
0.506997501,1
0.509192904,1
0.511005537,1
0.512523248,1
0.501816555,1
0.507303481,1
0.510103517,1
0.51602945,1
0.501735896,1
0.508673662,1
0.505774081,1
0.510421143,1
0.512549529,1
0.503776866,1
0.505024288,1
0.503478886,1
0.50213284,1
0.505605883,1
0.501907371,1
0.514719988,1
0.506170332,1
0.50552344,1
0.513367928,1
0.507262812,1
0.512174171,1
0.505777675,1
0.509910492,1
0.514026082,1
0.516549438,1
0.515752118,1
0.503035735,1
0.515253525,1
0.510150253,1
0.513212181,1
0.507113897,1
0.512749928,1
0.510370575,1
0.513545322,1
0.500873312,1
0.506724382,1
0.504784739,1
0.514158496,1
0.510411877,1
0.508522375,1
0.500057325,1
0.504553969,1
0.50746616,1
0.513950756,1
0.511446255,1
0.502513484,1
0.516742438,1
0.509462887,1
0.502183756,1
0.517238879,1
0.516142151,1
0.50017026,1
0.512283833,1
0.517497472,1
0.504521452,1
0.513205026,1
0.514097228,1
0.506092778,1
0.500627317,1
0.514429962,1
0.513004519,1
0.501764918,1
0.510500906,1
0.507518791,1
0.506561876,1
0.50836359,1
0.503452623,1
0.502692741,1
0.508056275,1
0.507614499,1
0.512298839,1
0.510742504,1
0.5143046,1
0.505033015,1
0.508448383,1
0.508142158,1
0.503574744,1
0.511169769,1
0.504774645,1
0.514036668,1
0.502427286,1
0.50350557,1
0.508478212,1
0.509530935,1
0.506075343,1
0.507002842,1
0.504959135,1
0.50999063,1
0.508734619,1
0.504568643,1
0.505937328,1
0.505495736,1
0.502835595,1
0.508809813,1
0.504260054,1
0.51504188,1
0.506674588,1
0.507676249,1
0.510920481,1
0.50788989,1
0.502202991,1
0.501087841,1
0.501916143,1
0.513954463,1
0.50040498,1
0.518207855,1
0.506082145,1
0.51226384,1
0.516408865,1
0.507306892,1
0.504096708,1
0.506509432,1
0.513852239,1
0.506959416,1
0.512472899,1
0.505222723,1
0.510543637,1
0.504096488,1
0.512578228,1
0.507327273,1
0.511963054,1
0.501728428,1
0.505794843,1
0.510225469,1
0.511486998,1
0.509430477,1
0.511651163,1
0.505502898,1
0.515563546,1
0.507572338,1
0.507583978,1
0.502989859,1
0.503390868,1
0.500823729,1
0.50548642,1
0.5174133,1
0.509221349,1
0.510961938,1
0.510762257,1
0.513699256,1
0.509592288,1
0.502754365,1
0.509336327,1
0.507370759,1
0.509559208,1
0.515624434,1
0.507573983,1
0.501348884,1
0.507493539,1
0.507995951,1
0.513692081,1
0.505005733,1
0.511726817,1
0.512945286,1
0.503744105,1
0.514812914,1
0.512232968,1
0.505514011,1
0.510106951,1
0.505558441,1
0.503223585,1
0.515211364,1
0.510602098,1
0.51112766,1
0.50355652,1
0.514581514,1
0.507093652,1
0.508477155,1
0.508678201,1
0.517483399,1
0.503225663,1
0.516859491,1
0.508171835,1
0.511387928,1
0.507156631,1
0.503251954,1
0.514303279,1
0.51479164,1
0.506987108,1
0.511470275,1
0.510171114,1
0.510587375,1
0.501502648,1
0.509946478,1
0.514379786,1
0.511797547,1
0.509945128,1
0.504554019,1
0.507052155,1
0.515191905,1
0.513971295,1
0.51185599,1
0.505464155,1
0.510329068,1
0.508141405,1
0.50676302,1
0.509070302,1
0.505450739,1
0.50864796,1
0.503461045,1
0.501530395,1
0.501772173,1
0.514633779,1
0.501127051,1
0.504708551,1
0.501828959,1
0.502187109,1
0.507840807,1
0.512510661,1
0.501714688,1
0.505385612,1
0.506068387,1
0.517858453,1
0.500464405,1
0.509343277,1
0.515850113,1
0.50234382,1
0.504145133,1
0.504783219,1
0.509203275,1
0.514890338,1
0.500685265,1
0.512609868,1
0.508592432,1
0.506614152,1
0.50537932,1
0.506673911,1
0.507489072,1
0.506167445,1
0.504695122,1
0.505376115,1
0.500940821,1
0.506685322,1
0.506482649,1
0.512019372,1
0.507971814,1
0.50016104,1
0.508673152,1
0.506588276,1
0.504505681,1
0.51156313,1
0.509495266,1
0.507971822,1
0.506315542,1
0.507332219,1
0.509915617,1
0.500898794,1
0.502237693,1
0.509420505,1
0.510865094,1
0.508587311,1
0.501829212,1
0.511908807,1
0.502587524,1
0.515169433,1
0.510159344,1
0.50660939,1
0.502935031,1
0.504504413,1
0.514888944,1
0.504611659,1
0.500007776,1
0.505913487,1
0.513294103,1
0.504516345,1
0.502601157,1
0.515880367,1
0.505795963,1
0.513423009,1
0.508184636,1
0.503298992,1
0.508990481,1
0.506124289,1
0.510989452,1
0.513926195,1
0.511401501,1
0.507920785,1
0.507000807,1
0.514096468,1
0.504143198,1
0.509631076,1
0.51322048,1
0.506277655,1
0.510189559,1
0.510152944,1
0.509697661,1
0.514344685,1
0.507622887,1
0.508931067,1
0.507175237,1
0.50623072,1
0.502957053,1
0.507806701,1
0.515793926,1
0.514282911,1
0.512943712,1
0.51036379,1
0.509745286,1
0.514838072,1
0.512053852,1
0.514189396,1
0.507392534,1
0.510715129,1
0.506511634,1
0.513653392,1
0.503074521,1
0.501634267,1
0.508719021,1
0.501021321,1
0.501009514,1
0.518150019,1
0.50649283,1
0.511573977,1
0.509396796,1
0.505392676,1
0.515424704,1
0.514578734,1
0.506352541,1
0.502311549,1
0.505937656,1
0.503828793,1
0.516748189,1
0.507281715,1
0.505500178,1
0.511264441,1
0.500256787,1
0.509585253,1
0.504529326,1
0.505411144,1
0.508748924,1
0.506290116,1
0.510592123,1
0.501440751,1
0.507909363,1
0.502308799,1
0.5090305,1
0.505237398,1
0.502515344,1
0.505112379,1
0.506095198,1
0.513007105,1
0.51197441,1
0.509164798,1
0.508305541,1
0.510010137,1
0.504041617,1
0.514691737,1
0.51029954,1
0.509053995,1
0.505811978,1
0.503720884,1
0.506659389,1
0.514137001,1
0.504331294,1
0.510092991,1
0.504529894,1
0.507141124,1
0.511284364,1
0.515370755,1
0.507715518,1
0.503193752,1
0.512672271,1
0.501506388,1
0.513814328,1
0.505707617,1
0.5044495,1
0.505470404,1
0.507643549,1
0.505630652,1
0.506454094,1
0.512565941,1
0.512803303,1
0.509519352,1
0.514273054,1
0.50812246,1
0.514569037,1
0.507946821,1
0.50398749,1
0.504612262,1
0.513422782,1
0.520114741,1
0.508428899,1
0.509179503,1
0.515508239,1
0.504986157,1
0.506905193,1
0.508395381,1
0.514119315,1
0.505939463,1
0.502840512,1
0.511234359,1
0.513271287,1
0.513905948,1
0.501622334,1
0.514296624,1
0.506070739,1
0.510610399,1
0.508280875,1
0.513494749,1
0.508492213,1
0.501684054,1
0.502462005,1
0.508627071,1
0.503175597,1
0.506170042,1
0.501262937,1
0.502387557,1
0.510337027,1
0.511902056,1
0.506773406,1
0.509130367,1
0.510173318,1
0.506626352,1
0.505094001,1
0.50068473,1
0.511550672,1
0.50063944,1
0.516504779,1
0.502106718,1
0.51139791,1
0.502908742,1
0.50975904,1
0.515300866,1
0.509940375,1
0.506106271,1
0.510956428,1
0.50858028,1
0.503639651,1
0.509052641,1
0.513562123,1
0.500223487,1
0.512786649,1
0.501679226,1
0.513125496,1
0.504808087,1
0.510292356,1
0.504584247,1
0.508550731,1
0.511361776,1
0.512273781,1
0.509574367,1
0.509841676,1
0.51437229,1
0.50871306,1
0.508782254,1
0.516651812,1
0.501828194,1
0.504537808,1
0.503339075,1
0.512896606,1
0.510722176,1
0.509762624,1
0.512076908,1
0.510976214,1
0.50421466,1
0.512453639,1
0.502793753,1
0.507884012,1
0.506572611,1
0.505643345,1
0.500081075,1
0.503125854,1
0.511302559,1
0.508664043,1
0.505895359,1
0.513668294,1
0.503715534,1
0.513855774,1
0.502380757,1
0.505639016,1
0.508338617,1
0.502994699,1
0.513758831,1
0.505622698,1
0.510492402,1
0.510161021,1
0.503167783,1
0.505526522,1
0.514334054,1
0.518410188,1
0.506123144,1
0.513096231,1
0.500872219,1
0.511593327,1
0.514367344,1
0.50031143,1
0.513945869,1
0.50159368,1
0.50036073,1
0.512492525,1
0.509381274,1
0.503662552,1
0.512141885,1
0.508752026,1
0.500979849,1
0.503349677,1
0.506066067,1
0.503850894,1
0.506577223,1
0.514272169,1
0.519229993,1
0.507594171,1
0.505604808,1
0.514481214,1
0.504356597,1
0.506254821,1
0.504375743,1
0.509992707,1
0.504585376,1
0.510215558,1
0.503216403,1
0.509809774,1
0.501845854,1
0.513998461,1
0.506860142,1
0.508931305,1
0.517336817,1
0.506632411,1
0.50283215,1
0.508648367,1
0.50538124,1
0.505259426,1
0.503169325,1
0.512159507,1
0.500307127,1
0.504298277,1
0.502859941,1
0.513133898,1
0.516280073,1
0.502903702,1
0.507433507,1
0.506642334,1
0.501102458,1
0.514021655,1
0.513406586,1
0.508138386,1
0.501256752,1
0.508503505,1
0.51042323,1
0.500687617,1
0.514887795,1
0.50445359,1
0.507571591,1
0.51191759,1
0.502076368,1
0.506579483,1
0.508017388,1
0.511123944,1
0.512328835,1
0.507853319,1
0.507405453,1
0.512254365,1
0.510677399,1
0.515521933,1
0.504158402,1
0.501936858,1
0.514150393,1
0.502711946,1
0.510241088,1
0.512362043,1
0.501800645,1
0.51395423,1
0.509671623,1
0.502583235,1
0.508652966,1
0.503534276,1
0.512156057,1
0.511749934,1
0.51936883,1
0.502883513,1
0.509035091,1
0.513867278,1
0.501743653,1
0.506416748,1
0.506669979,1
0.507796471,1
0.504179688,1
0.50491061,1
0.505174468,1
0.504305126,1
0.505557321,1
0.504215345,1
0.50578214,1
0.515094112,1
0.51316698,1
0.507307292,1
0.508790914,1
0.513973738,1
0.511384072,1
0.518823677,1
0.515059064,1
0.507490959,1
0.515097627,1
0.518516938,1
0.500541455,1
0.513767219,1
0.515567022,1
0.518604826,1
0.503618399,1
0.507108711,1
0.50706143,1
0.505112964,1
0.507952704,1
0.515832865,1
0.501553997,1
0.506342225,1
0.504583192,1
0.513626133,1
0.50009954,1
0.501193958,1
0.506603286,1
0.506764435,1
0.514697957,1
0.517251172,1
0.504630388,1
0.507346319,1
0.507749997,1
0.506258008,1
0.508668116,1
0.508613718,1
0.50463491,1
0.509386717,1
0.511484337,1
0.5124431,1
0.509220675,1
0.514903841,1
0.503890124,1
0.515074173,1
0.5081712,1
0.511082632,1
0.511370492,1
0.514225947,1
0.511878495,1
0.506314969,1
0.505493861,1
0.506593053,1
0.507833911,1
0.504415953,1
0.513312066,1
0.50256637,1
0.510845676,1
0.506725707,1
0.511857604,1
0.501147653,1
0.515305319,1
0.513090788,1
0.505304094,1
0.511025735,1
0.503264929,1
0.514931504,1
0.513608843,1
0.512239912,1
0.504341036,1
0.502817758,1
0.511197542,1
0.508357492,1
0.517211432,1
0.5087049,1
0.518326115,1
0.505457811,1
0.507200242,1
0.500650807,1
0.505543943,1
0.512098665,1
0.505844826,1
0.506073414,1
0.502302801,1
0.51357893,1
0.508877639,1
0.514088317,1
0.500849289,1
0.507797388,1
0.503241915,1
0.504072512,1
0.5074095,1
0.507657104,1
0.517300738,1
0.500786314,1
0.501064288,1
0.508168058,1
0.503939206,1
0.512414028,1
0.504883397,1
0.510708997,1
0.508719806,1
0.503569674,1
0.50706321,1
0.501108948,1
0.509540824,1
0.51522736,1
0.509440955,1
0.515580589,1
0.505673961,1
0.503666264,1
0.505475016,1
0.503049375,1
0.506665568,1
0.504961535,1
0.506304336,1
0.507343057,1
0.505862829,1
0.507496508,1
0.506942849,1
0.507297227,1
0.514989662,1
0.512362882,1
0.509128068,1
0.502995014,1
0.512125052,1
0.509831393,1
0.511452721,1
0.50733043,1
0.502856869,1
0.501877109,1
0.513082388,1
0.513728454,1
0.507874729,1
0.500811464,1
0.503244804,1
0.505065742,1
0.512839789,1
0.511326749,1
0.503034933,1
0.507511412,1
0.509229532,1
0.51662412,1
0.5154154,1
0.501980135,1
0.514343453,1
0.512491925,1
0.504336689,1
0.502376192,1
0.508057237,1
0.503423379,1
0.511764966,1
0.514003882,1
0.502098133,1
0.509803126,1
0.502552153,1
0.514549269,1
0.508387153,1
0.508874725,1
0.506024151,1
0.510152374,1
0.517811218,1
0.512497791,1
0.503887672,1
0.50067565,1
0.515971574,1
0.509102622,1
0.501616014,1
0.514431223,1
0.514472419,1
0.509594827,1
0.513815557,1
0.511452264,1
0.512548827,1
0.511003096,1
0.509122702,1
0.50379439,1
0.519269599,1
0.50944751,1
0.501471771,1
0.507001385,1
0.511840528,1
0.502485777,1
0.518261843,1
0.504969454,1
0.507172146,1
0.500730267,1
0.508303976,1
0.501234245,1
0.517290273,1
0.502794013,1
0.501185575,1
0.508860982,1
0.501199213,1
0.512982047,1
0.512323024,1
0.501126216,1
0.513580059,1
0.507747342,1
0.506309068,1
0.509457334,1
0.506037682,1
0.514296569,1
0.509630414,1
0.511516368,1
0.514196311,1
0.500465222,1
0.509427985,1
0.503299485,1
0.506252414,1
0.506983038,1
0.514196278,1
0.520321387,1
0.515203309,1
0.510214981,1
0.513379315,1
0.504880852,1
0.507122466,1
0.507774636,1
0.50047879,1
0.507659168,1
0.500704375,1
0.505348896,1
0.514941548,1
0.509160875,1
0.503220915,1
0.507709811,1
0.504490514,1
0.511950906,1
0.513154644,1
0.504345163,1
0.504843736,1
0.513332301,1
0.504940822,1
0.508107789,1
0.504902735,1
0.502491839,1
0.504281523,1
0.503845867,1
0.511170279,1
0.513950985,1
0.505438016,1
0.507159726,1
0.503160115,1
0.510977281,1
0.50273883,1
0.5120482,1
0.514834547,1
0.509195611,1
0.507013005,1
0.509552932,1
0.510422365,1
0.505509112,1
0.512847374,1
0.506668005,1
0.510984952,1
0.506626165,1
0.511347001,1
0.515324789,1
0.511955128,1
0.521454386,1
0.509129383,1
0.516518384,1
0.501975512,1
0.519842603,1
0.504449303,1
0.51261847,1
0.520262547,1
0.507738822,1
0.517175969,1
0.503842927,1
0.506297002,1
0.51753798,1
0.519405498,1
0.514581604,1
0.502450368,1
0.516960146,1
0.505510807,1
0.506031155,1
0.515838189,1
0.504527566,1
0.505638943,1
0.514875167,1
0.515432971,1
0.510262354,1
0.511231303,1
0.505764852,1
0.503063267,1
0.51713264,1
0.504934655,1
0.514558868,1
0.500905677,1
0.50316118,1
0.501085428,1
0.511159242,1
0.510881527,1
0.50272577,1
0.502273257,1
0.500977459,1
0.511555015,1
0.502654605,1
0.509240598,1
0.509073506,1
0.502259967,1
0.514214544,1
0.517214189,1
0.503690698,1
0.502438563,1
0.509236919,1
0.513531198,1
0.502841034,1
0.509514884,1
0.500890639,1
0.501135643,1
0.50793014,1
0.50793916,1
0.513126258,1
0.505350023,1
0.503346375,1
0.503082301,1
0.502770912,1
0.516779562,1
0.500403927,1
0.503945193,1
0.506450502,1
0.500542047,1
0.505390379,1
0.51645344,1
0.506625727,1
0.514871632,1
0.50669454,1
0.500000526,1
0.508083018,1
0.504292245,1
0.510519273,1
0.507648418,1
0.511397798,1
0.512141673,1
0.511283596,1
0.501826417,1
0.500157325,1
0.504974548,1
0.515668328,1
0.50015738,1
0.505876534,1
0.514520221,1
0.50719867,1
0.50350597,1
0.507455867,1
0.511283359,1
0.500419892,1
0.509014576,1
0.514123255,1
0.505846279,1
0.503966909,1
0.501069753,1
0.503775278,1
0.510695673,1
0.512126174,1
0.515229295,1
0.506662813,1
0.505218693,1
0.505419495,1
0.514390522,1
0.505528447,1
0.510301992,1
0.508956162,1
0.511685649,1
0.503882829,1
0.50727284,1
0.50522637,1
0.506043081,1
0.508369746,1
0.514741247,1
0.505881954,1
0.507319859,1
0.514032636,1
0.505628977,1
0.505915919,1
0.514854213,1
0.513793547,1
0.514587649,1
0.508507964,1
0.505942493,1
0.510757642,1
0.505823489,1
0.520644958,1
0.50128073,1
0.505716301,1
0.517963815,1
0.503155211,1
0.51324218,1
0.511596233,1
0.517470006,1
0.506573956,1
0.509604094,1
0.505936833,1
0.509431664,1
0.509564558,1
0.509206997,1
0.513676043,1
0.506353548,1
0.50793186,1
0.502599949,1
0.500164215,1
0.507975159,1
0.502081703,1
0.51201827,1
0.503437851,1
0.507255926,1
0.505280451,1
0.518121257,1
0.514775899,1
0.504021933,1
0.501327117,1
0.510580168,1
0.510113221,1
0.502203656,1
0.514453904,1
0.503982846,1
0.506392819,1
0.50290984,1
0.510654814,1
0.514743152,1
0.503597123,1
0.505749947,1
0.508180677,1
0.517868914,1
0.508637306,1
0.508422643,1
0.512096809,1
0.501000511,1
0.503608672,1
0.502082623,1
0.510176365,1
0.508871524,1
0.511575906,1
0.501564532,1
0.51139337,1
0.502024406,1
0.504453415,1
0.512783751,1
0.50819012,1
0.510429772,1
0.511764251,1
0.509015863,1
0.507055422,1
0.509303119,1
0.506291973,1
0.501396596,1
0.508622285,1
0.51817406,1
0.505016892,1
0.513532714,1
0.501284172,1
0.510955506,1
0.508127829,1
0.514262497,1
0.508917929,1
0.513045151,1
0.509987651,1
0.508071636,1
0.513324195,1
0.504435406,1
0.507090252,1
0.514041917,1
0.502778104,1
0.515200012,1
0.500119007,1
0.515475668,1
0.504388825,1
0.50606655,1
0.515937449,1
0.511563605,1
0.502378195,1
0.502006752,1
0.515841763,1
0.509747038,1
0.506997191,1
0.514376604,1
0.503415704,1
0.500261612,1
0.510865647,1
0.506582692,1
0.501298222,1
0.515957821,1
0.504401339,1
0.506617231,1
0.515876523,1
0.512338967,1
0.503471289,1
0.502538096,1
0.513389166,1
0.502246965,1
0.503485414,1
0.5080271,1
0.510618736,1
0.509716347,1
0.502132735,1
0.508976253,1
0.505766339,1
0.508236215,1
0.500112085,1
0.514961682,1
0.512449137,1
0.508431366,1
0.514085442,1
0.506213995,1
0.515048684,1
0.517184479,1
0.515870422,1
0.505169578,1
0.502422631,1
0.507513417,1
0.503977269,1
0.510415298,1
0.504861294,1
0.506175858,1
0.5082268,1
0.508623907,1
0.517984501,1
0.507786605,1
0.514678484,1
0.514136991,1
0.503027783,1
0.512996572,1
0.501971377,1
0.513904059,1
0.507027362,1
0.502385812,1
0.503629999,1
0.50719988,1
0.505230237,1
0.506239356,1
0.515004778,1
0.510170407,1
0.500939909,1
0.506600529,1
0.513741449,1
0.503483794,1
0.513675681,1
0.504230382,1
0.504323845,1
0.504107105,1
0.509669842,1
0.507809332,1
0.508502748,1
0.502152019,1
0.510735785,1
0.513716453,1
0.509830478,1
0.509603246,1
0.505145916,1
0.502469517,1
0.515732447,1
0.501347359,1
0.503054192,1
0.511182205,1
0.504489099,1
0.507508623,1
0.511836696,1
0.504164544,1
0.506424179,1
0.508710764,1
0.506698994,1
0.51055856,1
0.510579733,1
0.512547025,1
0.509360116,1
0.506602039,1
0.505945542,1
0.505920826,1
0.506152597,1
0.508222464,1
0.507352358,1
0.502097105,1
0.511992824,1
0.500483087,1
0.511762489,1
0.512926012,1
0.51383515,1
0.504484252,1
0.51196962,1
0.505912619,1
0.514182005,1
0.502389127,1
0.513218759,1
0.514891122,1
0.500145672,1
0.50792075,1
0.513135137,1
0.510744451,1
0.503781933,1
0.517986171,1
0.50223965,1
0.5081244,1
0.51136387,1
0.516739961,1
0.504021338,1
0.510034463,1
0.500793884,1
0.505218341,1
0.50257676,1
0.508555602,1
0.509389236,1
0.508925379,1
0.512180325,1
0.50951188,1
0.50807584,1
0.510324055,1
0.50700129,1
0.505372843,1
0.509288901,1
0.502023204,1
0.507000907,1
0.507042954,1
0.500580345,1
0.508746325,1
0.516656292,1
0.508152103,1
0.51192597,1
0.506820202,1
0.517129544,1
0.510572067,1
0.506497289,1
0.510915488,1
0.50944827,1
0.503494216,1
0.506902304,1
0.504995851,1
0.508357936,1
0.514506173,1
0.502779521,1
0.506872722,1
0.505618958,1
0.508695256,1
0.503054485,1
0.502221788,1
0.502591034,1
0.506714369,1
0.512860211,1
0.510332401,1
0.501746055,1
0.509416736,1
0.505040477,1
0.504321332,1
0.509076313,1
0.514315546,1
0.510972516,1
0.513873413,1
0.503933746,1
0.506331824,1
0.509723079,1
0.515204221,1
0.503960832,1
0.513650485,1
0.512339242,1
0.502737505,1
0.505326588,1
0.504163094,1
0.511154352,1
0.509421772,1
0.507732503,1
0.504505828,1
0.519457764,1
0.517211584,1
0.509540747,1
0.505802937,1
0.502598402,1
0.503904111,1
0.50003535,1
0.515682886,1
0.509736694,1
0.503424201,1
0.517805258,1
0.50395725,1
0.504614461,1
0.505105143,1
0.512454618,1
0.514601475,1
0.508858515,1
0.501311974,1
0.508687908,1
0.504106143,1
0.51247976,1
0.512736344,1
0.512625935,1
0.513801146,1
0.505170333,1
0.50896234,1
0.50157891,1
0.507520285,1
0.515822728,1
0.502208091,1
0.509143313,1
0.505353673,1
0.505230727,1
0.512633313,1
0.504856667,1
0.513717479,1
0.503215398,1
0.500785227,1
0.51438642,1
0.504230429,1
0.503342583,1
0.517830408,1
0.51232139,1
0.501303757,1
0.507911462,1
0.501336262,1
0.500427677,1
0.51129577,1
0.516241501,1
0.51695193,1
0.507624694,1
0.502421559,1
0.500120117,1
0.505052456,1
0.504531951,1
0.513459083,1
0.511123552,1
0.519940074,1
0.501363039,1
0.506963992,1
0.503847697,1
0.511154556,1
0.511790371,1
0.503396723,1
0.506705268,1
0.506624052,1
0.505749464,1
0.511235906,1
0.510684111,1
0.500612837,1
0.507188832,1
0.508887129,1
0.51236629,1
0.507646396,1
0.505798772,1
0.504475016,1
0.50208346,1
0.514183524,1
0.512669457,1
0.509638893,1
0.507230651,1
0.504481712,1
0.503717959,1
0.503172005,1
0.508567304,1
0.509223336,1
0.508937258,1
0.51053719,1
0.512219404,1
0.502866349,1
0.511023966,1
0.500265037,1
0.515773891,1
0.510345853,1
0.50245522,1
0.507099415,1
0.512783309,1
0.504036807,1
0.504050466,1
0.503467057,1
0.500753497,1
0.501400709,1
0.507670298,1
0.505768954,1
0.501621217,1
0.505598549,1
0.507530201,1
0.503199096,1
0.505674156,1
0.518115385,1
0.502392054,1
0.50351591,1
0.500552625,1
0.513853056,1
0.513037034,1
0.51404707,1
0.500252865,1
0.505708334,1
0.512078585,1
0.504611869,1
0.500721299,1
0.510084482,1
0.501674691,1
0.501844894,1
0.507659791,1
0.506607635,1
0.51608251,1
0.504761484,1
0.502431206,1
0.507989677,1
0.50121591,1
0.50977314,1
0.513596697,1
0.51134892,1
0.513223034,1
0.511109319,1
0.500294485,1
0.504055646,1
0.515391663,1
0.50154119,1
0.506101115,1
0.507931585,1
0.510249402,1
0.509150996,1
0.510617166,1
0.50806588,1
0.501332897,1
0.505930579,1
0.504005992,1
0.502254482,1
0.515486962,1
0.504556591,1
0.510214986,1
0.502952573,1
0.509589274,1
0.500729849,1
0.502441563,1
0.500210947,1
0.513538223,1
0.508699285,1
0.504829485,1
0.505627937,1
0.507631112,1
0.514654279,1
0.510560689,1
0.504093516,1
0.510758102,1
0.51160059,1
0.504291757,1
0.51151275,1
0.512014844,1
0.516683407,1
0.504134571,1
0.509514911,1
0.515168549,1
0.504654233,1
0.500745167,1
0.50361474,1
0.515288051,1
0.512465851,1
0.511025325,1
0.507204124,1
0.508709731,1
0.507161325,1
0.501420759,1
0.511053069,1
0.513792697,1
0.515674909,1
0.50590576,1
0.51019274,1
0.500728582,1
0.512127986,1
0.507876853,1
0.511331989,1
0.501398364,1
0.511738083,1
0.507354187,1
0.513617766,1
0.502618931,1
0.504082022,1
0.515204423,1
0.50859769,1
0.514706896,1
0.504734124,1
0.513953618,1
0.516067196,1
0.502414634,1
0.507727852,1
0.512583837,1
0.501763493,1
0.507710861,1
0.513532002,1
0.511292999,1
0.508986322,1
0.510080799,1
0.511880978,1
0.510511029,1
0.501720346,1
0.503063442,1
0.502802588,1
0.509442865,1
0.501543978,1
0.509607287,1
0.511682271,1
0.508674552,1
0.50042342,1
0.505978775,1
0.512734116,1
0.508642334,1
0.500677682,1
0.503871733,1
0.513937261,1
0.500456727,1
0.505641041,1
0.510545808,1
0.518438929,1
0.512528102,1
0.508762663,1
0.50657798,1
0.514949126,1
0.507484026,1
0.503560755,1
0.506664415,1
0.512372591,1
0.506764347,1
0.518095121,1
0.509691426,1
0.505320667,1
0.502836282,1
0.502424528,1
0.512456502,1
0.507219393,1
0.507862052,1
0.503444523,1
0.515567734,1
0.511926005,1
0.506428086,1
0.513668646,1
0.501812922,1
0.500874837,1
0.50425252,1
0.503788365,1
0.507254183,1
0.502941044,1
0.50975261,1
0.50852802,1
0.516217489,1
0.512890773,1
0.513383937,1
0.507108069,1
0.503036388,1
0.509473406,1
0.515570376,1
0.512579565,1
0.506979539,1
0.5058756,1
0.508278473,1
0.51649716,1
0.510498277,1
0.517264579,1
0.511421345,1
0.510925396,1
0.504976633,1
0.515081029,1
0.502231485,1
0.504771298,1
0.51667202,1
0.509428357,1
0.509447803,1
0.511097889,1
0.503834687,1
0.506698869,1
0.515377334,1
0.506959473,1
0.516608255,1
0.503489168,1
0.514616802,1
0.508613985,1
0.502914549,1
0.509874031,1
0.503574847,1
0.513557414,1
0.505617084,1
0.511932219,1
0.504102273,1
0.506821524,1
0.506863801,1
0.504644609,1
0.505651542,1
0.51093664,1
0.503023838,1
0.510515249,1
0.508373762,1
0.50344881,1
0.509095841,1
0.506122311,1
0.50656697,1
0.509085417,1
0.502585837,1
0.505748477,1
0.515421023,1
0.511005167,1
0.506994609,1
0.500231967,1
0.507132576,1
0.514695759,1
0.50973957,1
0.508989029,1
0.510558937,1
0.512091225,1
0.50198821,1
0.504937749,1
0.507986933,1
0.504091319,1
0.51222614,1
0.511035433,1
0.507719042,1
0.506642289,1
0.50848775,1
0.515673196,1
0.519189096,1
0.507228154,1
0.509359657,1
0.509571028,1
0.508542014,1
0.511100341,1
0.508739315,1
0.512455573,1
0.512265669,1
0.50900793,1
0.506580443,1
0.505429177,1
0.504594088,1
0.503684346,1
0.504519154,1
0.501681134,1
0.503931261,1
0.510613653,1
0.502691691,1
0.500345965,1
0.518046485,1
0.514507267,1
0.500626395,1
0.510216031,1
0.503139811,1
0.510211372,1
0.51357907,1
0.511167882,1
0.506412668,1
0.507405293,1
0.511033166,1
0.509432621,1
0.50453758,1
0.513397163,1
0.509998292,1
0.509524878,1
0.511130381,1
0.501430844,1
0.508510348,1
0.503684203,1
0.502204818,1
0.510302694,1
0.507359831,1
0.514601779,1
0.504630763,1
0.510631665,1
0.510830363,1
0.511556544,1
0.511314303,1
0.504683301,1
0.521138537,1
0.505633542,1
0.505237648,1
0.506318721,1
0.509100755,1
0.509862726,1
0.500647077,1
0.514415751,1
0.501388064,1
0.512309132,1
0.50658068,1
0.512473451,1
0.509065966,1
0.50027213,1
0.502921642,1
0.502576367,1
0.507834741,1
0.513896448,1
0.50479784,1
0.512596949,1
0.510193203,1
0.515674729,1
0.509301559,1
0.510153676,1
0.511872808,1
0.510235755,1
0.50264619,1
0.509469485,1
0.50697561,1
0.508800439,1
0.508829007,1
0.506646861,1
0.513539654,1
0.5104624,1
0.50974674,1
0.513645436,1
0.504022351,1
0.5168049,1
0.511475642,1
0.515430276,1
0.500946986,1
0.510752,1
0.511715915,1
0.511956583,1
0.511391953,1
0.51037091,1
0.509496763,1
0.501152428,1
0.508311762,1
0.508937903,1
0.513185837,1
0.513054785,1
0.517823407,1
0.513007327,1
0.508566444,1
0.512492552,1
0.50322136,1
0.511794647,1
0.501785682,1
0.510182312,1
0.513065258,1
0.501644799,1
0.50941267,1
0.511572818,1
0.506846572,1
0.501235477,1
0.507377397,1
0.50550643,1
0.506669079,1
0.511341369,1
0.511712027,1
0.515161448,1
0.514355399,1
0.51450643,1
0.503305652,1
0.510121537,1
0.516686461,1
0.508136394,1
0.509777551,1
0.501189705,1
0.513890625,1
0.500599645,1
0.503569119,1
0.51045147,1
0.506454874,1
0.516849547,1
0.509301867,1
0.501355024,1
0.515522803,1
0.506534865,1
0.514419421,1
0.506901414,1
0.51209087,1
0.513671936,1
0.501062823,1
0.50438615,1
0.51049012,1
0.515372144,1
0.505068684,1
0.514549189,1
0.512232341,1
0.507994019,1
0.505099013,1
0.513983425,1
0.518384066,1
0.503830273,1
0.510843342,1
0.511915983,1
0.506620818,1
0.51190805,1
0.510306402,1
0.518106064,1
0.509522096,1
0.508389245,1
0.502626356,1
0.511195756,1
0.510328703,1
0.502013059,1
0.503540501,1
0.50781824,1
0.516506976,1
0.510984507,1
0.504723527,1
0.50863003,1
0.511498552,1
0.510825465,1
0.500586322,1
0.503888192,1
0.507264934,1
0.503363567,1
0.505969256,1
0.516968776,1
0.504594256,1
0.517304479,1
0.503545988,1
0.506038556,1
0.503188982,1
0.510683294,1
0.503635276,1
0.514613509,1
0.508675479,1
0.504929318,1
0.511061715,1
0.513494854,1
0.509633755,1
0.50673328,1
0.509827042,1
0.506321441,1
0.501857566,1
0.504020463,1
0.501100481,1
0.506022271,1
0.505258496,1
0.511809388,1
0.500105857,1
0.512633258,1
0.500588597,1
0.505865701,1
0.509912339,1
0.516724821,1
0.500665777,1
0.500418235,1
0.520271432,3
0.50208479,3
0.51502182,3
0.513915963,3
0.512035242,3
0.512681877,3
0.511160946,3
0.507997163,3
0.512731505,3
0.515303606,3
0.512706731,3
0.509491267,3
0.512488077,3
0.513394285,3
0.507636809,3
0.513720864,3
0.509415137,3
0.508859083,3
0.508099004,3
0.506648386,3
0.503744995,3
0.500426455,3
0.508826368,3
0.509280734,3
0.508514512,3
0.507565735,3
0.513876024,3
0.514862473,3
0.5088452,3
0.502621471,3
0.511497298,3
0.508013269,3
0.511663471,3
0.512523842,3
0.506738365,3
0.522039726,3
0.511812017,3
0.502361002,3
0.50317332,3
0.512870933,3
0.509749277,3
0.503214606,3
0.50856195,3
0.508416597,3
0.513927828,3
0.507561493,3
0.503726521,3
0.509244399,3
0.513783684,3
0.501763288,3
0.513887867,3
0.501373169,3
0.513573632,3
0.508400874,3
0.507110373,3
0.515822663,3
0.508717434,3
0.511400224,3
0.502683844,3
0.50435041,3
0.51400009,3
0.504695684,3
0.512004388,3
0.510717333,3
0.51978448,3
0.508692414,3
0.517661681,3
0.511670363,3
0.509925986,3
0.513284997,3
0.511424726,3
0.508511788,3
0.510022397,3
0.513771736,3
0.5131208,3
0.511532267,3
0.509427478,3
0.510330105,3
0.515002183,3
0.502334161,3
0.510345783,3
0.517426144,3
0.503518002,3
0.515899525,3
0.511348968,3
0.511236748,3
0.500648095,3
0.512103053,3
0.513906203,3
0.506744966,3
0.50483228,3
0.515303369,3
0.515112103,3
0.504548767,3
0.511666115,3
0.513418045,3
0.515917522,3
0.512741161,3
0.505196855,3
0.507842177,3
0.508330637,3
0.506668292,3
0.509058931,3
0.512877711,3
0.512459618,3
0.514208808,3
0.511020485,3
0.515072277,3
0.515059474,3
0.508143867,3
0.507015437,3
0.50885344,3
0.514751548,3
0.502297506,3
0.509903665,3
0.513658466,3
0.519671528,3
0.515427988,3
0.511484332,3
0.50283149,3
0.509847894,3
0.501864666,3
0.509575859,3
0.510189637,3
0.508575636,3
0.511096355,3
0.50465814,3
0.514731882,3
0.511795586,3
0.515850674,3
0.514292805,3
0.512568332,3
0.506453652,3
0.512576399,3
0.505727197,3
0.514941775,3
0.508708627,3
0.510572261,3
0.512414226,3
0.510748154,3
0.51234539,3
0.512247982,3
0.504218562,3
0.511106475,3
0.508448491,3
0.512278071,3
0.508569771,3
0.514324716,3
0.507121053,3
0.511959946,3
0.502676607,3
0.501578707,3
0.510052713,3
0.514241285,3
0.500873294,3
0.51359633,3
0.514277175,3
0.506345869,3
0.50578184,3
0.506685044,3
0.508453664,3
0.515182539,3
0.5060617,3
0.523709383,3
0.511439039,3
0.511293416,3
0.507068434,3
0.514946563,3
0.513553419,3
0.502614034,3
0.510233171,3
0.5098311,3
0.510121312,3
0.511668054,3
0.500858612,3
0.510403773,3
0.515358807,3
0.504007254,3
0.508552893,3
0.50919703,3
0.511457639,3
0.507591389,3
0.507601847,3
0.506086817,3
0.513115278,3
0.510726534,3
0.5123494,3
0.50820671,3
0.510623466,3
0.514348479,3
0.507314571,3
0.510324342,3
0.506429456,3
0.5123589,3
0.504081764,3
0.50601426,3
0.503976239,3
0.51570748,3
0.515156243,3
0.51059242,3
0.507510882,3
0.511589544,3
0.509297131,3
0.506221284,3
0.513342744,3
0.514210647,3
0.510251846,3
0.501745085,3
0.509293442,3
0.507041362,3
0.501609989,3
0.514079737,3
0.513047497,3
0.512798484,3
0.504142075,3
0.512464712,3
0.505520841,3
0.504434561,3
0.515952814,3
0.514975664,3
0.513002618,3
0.510250301,3
0.505166101,3
0.506995369,3
0.508548512,3
0.514587414,3
0.512777023,3
0.517143098,3
0.511940704,3
0.507119811,3
0.515291045,3
0.505159049,3
0.507436622,3
0.508238302,3
0.514925869,3
0.519966414,3
0.515875584,3
0.514960483,3
0.511018376,3
0.511002041,3
0.513791498,3
0.502574907,3
0.513638311,3
0.514239698,3
0.508159116,3
0.516369131,3
0.504401024,3
0.510019339,3
0.5083367,3
0.511786491,3
0.509695405,3
0.50915404,3
0.508984493,3
0.512718408,3
0.51372631,3
0.505892822,3
0.505257916,3
0.500378207,3
0.510851286,3
0.504830505,3
0.519166367,3
0.503634179,3
0.510234935,3
0.512686681,3
0.507552096,3
0.513215241,3
0.505776725,3
0.51047955,3
0.51193419,3
0.51269244,3
0.513983822,3
0.516020379,3
0.51547906,3
0.512436747,3
0.512991193,3
0.510509644,3
0.503981961,3
0.510195187,3
0.506983151,3
0.50589303,3
0.511303676,3
0.512632886,3
0.51458395,3
0.51515679,3
0.511442302,3
0.506595192,3
0.512082932,3
0.50568366,3
0.511711085,3
0.511828733,3
0.51172954,3
0.513412631,3
0.511367371,3
0.510357571,3
0.507833154,3
0.508075675,3
0.505491427,3
0.505989401,3
0.505114757,3
0.514105564,3
0.514627557,3
0.504430069,3
0.505530464,3
0.504195164,3
0.506225231,3
0.504889249,3
0.51433267,3
0.506846182,3
0.511555222,3
0.51256279,3
0.507451131,3
0.501281465,3
0.511937978,3
0.503510812,3
0.506181205,3
0.506416618,3
0.511533319,3
0.509414627,3
0.515933059,3
0.504470828,3
0.518911185,3
0.512335369,3
0.512163982,3
0.509102827,3
0.502996387,3
0.512600914,3
0.506351638,3
0.506544896,3
0.515054686,3
0.510124596,3
0.512970979,3
0.513921281,3
0.509904027,3
0.513125776,3
0.511417555,3
0.510117436,3
0.510985467,3
0.512233938,3
0.507688224,3
0.513229184,3
0.511039481,3
0.50687054,3
0.505083392,3
0.510048022,3
0.505094526,3
0.510559117,3
0.519832931,3
0.502352715,3
0.509839077,3
0.51198704,3
0.504845578,3
0.508586878,3
0.516702333,3
0.503157748,3
0.511039686,3
0.513728001,3
0.50546355,3
0.515826314,3
0.510519987,3
0.516617987,3
0.510911382,3
0.50696114,3
0.513221619,3
0.513419157,3
0.512691761,3
0.512798026,3
0.508053246,3
0.514584209,3
0.511519973,3
0.51552235,3
0.503904713,3
0.512830895,3
0.518599399,3
0.515889815,3
0.518378744,3
0.512661235,3
0.512465696,3
0.514811151,3
0.504831055,3
0.515561295,3
0.508256612,3
0.513269951,3
0.508051122,3
0.510047105,3
0.502806978,3
0.514730444,3
0.509029783,3
0.50323697,3
0.516887452,3
0.50828086,3
0.512816827,3
0.511860137,3
0.513403396,3
0.518023692,3
0.502357423,3
0.509438926,3
0.502952226,3
0.508297378,3
0.510961981,3
0.508605103,3
0.5130939,3
0.510993545,3
0.502162519,3
0.506755821,3
0.516153417,3
0.513215594,3
0.514378487,3
0.50981289,3
0.500696785,3
0.505515629,3
0.507975271,3
0.514963073,3
0.508839879,3
0.505848386,3
0.512682966,3
0.506254736,3
0.509749544,3
0.501093368,3
0.513438143,3
0.505830723,3
0.514072657,3
0.50916622,3
0.509989808,3
0.517923537,3
0.50934253,3
0.502475717,3
0.508211117,3
0.508223673,3
0.509267216,3
0.507910053,3
0.505906818,3
0.506128821,3
0.506791585,3
0.514618852,3
0.515517772,3
0.514978195,3
0.513181453,3
0.513138467,3
0.508333271,3
0.504555761,3
0.508989656,3
0.514095849,3
0.513673999,3
0.512047393,3
0.504635215,3
0.519149124,3
0.50931493,3
0.515242698,3
0.51276962,3
0.51280401,3
0.514529318,3
0.509886534,3
0.51565394,3
0.512531173,3
0.507740339,3
0.506995636,3
0.505160262,3
0.506884682,3
0.509176654,3
0.504580684,3
0.519674199,3
0.510570217,3
0.508239032,3
0.509271642,3
0.508625819,3
0.503816426,3
0.502486347,3
0.50665166,3
0.511478093,3
0.500136747,3
0.511848204,3
0.513678569,3
0.501670769,3
0.512367467,3
0.512582655,3
0.513643697,3
0.50563016,3
0.513452173,3
0.506965067,3
0.510801884,3
0.513690312,3
0.513009508,3
0.511715153,3
0.502530693,3
0.504516507,3
0.503372529,3
0.513857925,3
0.510969827,3
0.514019247,3
0.510989567,3
0.511960513,3
0.502848374,3
0.505759715,3
0.507983494,3
0.502539563,3
0.512468042,3
0.512983533,3
0.504866516,3
0.511276697,3
0.506719715,3
0.512614623,3
0.506411491,3
0.506361874,3
0.50975931,3
0.509124347,3
0.512789797,3
0.509045193,3
0.510361189,3
0.501365937,3
0.507404229,3
0.507342072,3
0.513399876,3
0.513741838,3
0.512603947,3
0.512385541,3
0.501994462,3
0.5122757,3
0.506543114,3
0.510460793,3
0.512306189,3
0.5115171,3
0.504247418,3
0.50599428,3
0.507201362,3
0.514743093,3
0.505941778,3
0.512892901,3
0.503233705,3
0.513810791,3
0.500887699,3
0.513762253,3
0.51159728,3
0.510041542,3
0.506406457,3
0.513599582,3
0.512708285,3
0.502048154,3
0.505273997,3
0.505412324,3
0.514573998,3
0.510605599,3
0.511003706,3
0.509129198,3
0.509924566,3
0.514070776,3
0.505369281,3
0.509536238,3
0.505053158,3
0.508384489,3
0.509056932,3
0.513403908,3
0.504574685,3
0.517136853,3
0.507730894,3
0.51436936,3
0.514337476,3
0.507309722,3
0.505848586,3
0.506773031,3
0.513460102,3
0.508601169,3
0.510423952,3
0.508258091,3
0.506621475,3
0.508509073,3
0.511049311,3
0.513774871,3
0.505219405,3
0.504214795,3
0.504678293,3
0.507679259,3
0.506078488,3
0.513665176,3
0.514996528,3
0.509060453,3
0.509688567,3
0.504747277,3
0.50708889,3
0.508706767,3
0.509792758,3
0.509821359,3
0.508152425,3
0.513629175,3
0.515462788,3
0.50316021,3
0.508693469,3
0.510493429,3
0.503955567,3
0.509282831,3
0.509654415,3
0.504702114,3
0.514102551,3
0.514213979,3
0.513449325,3
0.513102045,3
0.510834511,3
0.508153227,3
0.508717517,3
0.5049353,3
0.514361074,3
0.505207939,3
0.502806396,3
0.508003094,3
0.503926182,3
0.507983916,3
0.512941127,3
0.503588781,3
0.506595517,3
0.517649736,3
0.509199807,3
0.51393225,3
0.502577735,3
0.503390183,3
0.510275763,3
0.514500538,3
0.506864924,3
0.503968239,3
0.510223425,3
0.505145628,3
0.510084577,3
0.515544781,3
0.513929582,3
0.517354004,3
0.505821779,3
0.512946803,3
0.502235893,3
0.507577005,3
0.503797227,3
0.512555837,3
0.514460082,3
0.507725993,3
0.507368504,3
0.511961145,3
0.516385501,3
0.50604468,3
0.516690072,3
0.506306153,3
0.512587962,3
0.510512523,3
0.5088288,3
0.515187309,3
0.504708488,3
0.505930674,3
0.511211218,3
0.50663587,3
0.504050556,3
0.511700169,3
0.505004368,3
0.504645934,3
0.512617223,3
0.506369408,3
0.509348308,3
0.511118264,3
0.516801844,3
0.512477996,3
0.512671811,3
0.509873761,3
0.515300479,3
0.511243867,3
0.511078269,3
0.514185655,3
0.510325484,3
0.507945756,3
0.507331455,3
0.508732549,3
0.511000347,3
0.504738258,3
0.510907069,3
0.512154582,3
0.516664788,3
0.518889219,3
0.503142411,3
0.509116572,3
0.515777965,3
0.507633524,3
0.505858847,3
0.509834162,3
0.501674006,3
0.517356436,3
0.518259626,3
0.512602595,3
0.513041781,3
0.504763188,3
0.505006193,3
0.513660884,3
0.508252043,3
0.507274994,3
0.506224168,3
0.510556476,3
0.503415897,3
0.511499042,3
0.510362706,3
0.512151822,3
0.505835682,3
0.513927724,3
0.509667208,3
0.507840385,3
0.507080989,3
0.504938797,3
0.501161305,3
0.510089385,3
0.511982378,3
0.50984578,3
0.508095455,3
0.506290746,3
0.513946561,3
0.508362665,3
0.513927976,3
0.509957228,3
0.511401421,3
0.506176243,3
0.508956194,3
0.504728367,3
0.516589451,3
0.511547069,3
0.509585513,3
0.513423796,3
0.505433166,3
0.512324853,3
0.513266201,3
0.504916502,3
0.512753493,3
0.516811987,3
0.513720135,3
0.509026777,3
0.513798615,3
0.510892631,3
0.511633747,3
0.505066392,3
0.512799291,3
0.510356344,3
0.50641985,3
0.513794199,3
0.512895215,3
0.500156477,3
0.509294807,3
0.515388196,3
0.500621402,3
0.509871665,3
0.503457712,3
0.504899691,3
0.501212773,3
0.503385958,3
0.51138877,3
0.511624487,3
0.504957253,3
0.505461715,3
0.510494933,3
0.5042152,3
0.512672021,3
0.5106469,3
0.510654789,3
0.510473798,3
0.500790589,3
0.514453712,3
0.503660292,3
0.513165524,3
0.502850362,3
0.506069472,3
0.509455725,3
0.515358717,3
0.506892078,3
0.508604023,3
0.512057807,3
0.507992537,3
0.509899261,3
0.509749297,3
0.518898505,3
0.512301964,3
0.508448948,3
0.512498975,3
0.506074011,3
0.511476839,3
0.507866553,3
0.501777135,3
0.508182549,3
0.507416686,3
0.516286277,3
0.514481751,3
0.510843412,3
0.509933075,3
0.514762256,3
0.502538688,3
0.500516002,3
0.516752967,3
0.509896642,3
0.515496805,3
0.511704261,3
0.512008073,3
0.505009415,3
0.509766965,3
0.510422485,3
0.505209329,3
0.511639037,3
0.512603834,3
0.506374767,3
0.515315275,3
0.503684361,3
0.515387734,3
0.511178972,3
0.517629958,3
0.515565012,3
0.510116964,3
0.509724164,3
0.510454614,3
0.512011151,3
0.502811835,3
0.516108741,3
0.505423877,3
0.502161682,3
0.50026175,3
0.512044974,3
0.511218362,3
0.509773515,3
0.504407586,3
0.508299958,3
0.503868705,3
0.509238301,3
0.510228548,3
0.506797406,3
0.504047264,3
0.506661738,3
0.505922451,3
0.512597284,3
0.51171553,3
0.515853529,3
0.515676163,3
0.511355627,3
0.506459241,3
0.518084261,3
0.512420909,3
0.513396423,3
0.512704797,3
0.509393575,3
0.515407098,3
0.510626227,3
0.511538791,3
0.501799187,3
0.510823369,3
0.51267693,3
0.504049466,3
0.505050941,3
0.508052769,3
0.507009901,3
0.50655235,3
0.502884678,3
0.514525954,3
0.506768911,3
0.515980305,3
0.511773133,3
0.515143512,3
0.514584691,3
0.507540406,3
0.51445863,3
0.507551833,3
0.505845059,3
0.501174868,3
0.505883451,3
0.506944348,3
0.515518374,3
0.508800896,3
0.510269068,3
0.504394022,3
0.507524469,3
0.512611392,3
0.513432632,3
0.509532222,3
0.504656445,3
0.511935577,3
0.512451558,3
0.517260479,3
0.509345279,3
0.519490706,3
0.515528962,3
0.511381993,3
0.514323442,3
0.501378197,3
0.505160359,3
0.504032233,3
0.516709216,3
0.507632805,3
0.504718732,3
0.506970391,3
0.509374176,3
0.5023442,3
0.506707788,3
0.511156495,3
0.511797615,3
0.507955379,3
0.503766119,3
0.504699997,3
0.504940389,3
0.5142745,3
0.510856881,3
0.51481157,3
0.507324429,3
0.510651683,3
0.512751779,3
0.511822896,3
0.514814652,3
0.504156682,3
0.506978769,3
0.508096395,3
0.51258353,3
0.507824066,3
0.507011053,3
0.505760888,3
0.508553825,3
0.502404609,3
0.513533748,3
0.518275198,3
0.508243001,3
0.512281934,3
0.511307849,3
0.506518046,3
0.514472818,3
0.512253369,3
0.511471332,3
0.510701168,3
0.512670207,3
0.51696294,3
0.51492512,3
0.510617074,3
0.50831745,3
0.51013815,3
0.514307895,3
0.517162552,3
0.509669289,3
0.512450918,3
0.51031202,3
0.507907953,3
0.514828578,3
0.507249897,3
0.509545945,3
0.509011949,3
0.517433193,3
0.512946783,3
0.511337156,3
0.509923042,3
0.512040717,3
0.513556811,3
0.511518154,3
0.502811803,3
0.508407055,3
0.503191709,3
0.51220526,3
0.512620029,3
0.501671194,3
0.514969133,3
0.502975067,3
0.501202975,3
0.513507035,3
0.51145527,3
0.51392319,3
0.503921047,3
0.514267833,3
0.506900577,3
0.509186149,3
0.517155765,3
0.519369841,3
0.514400953,3
0.514365683,3
0.510031499,3
0.511785447,3
0.504225849,3
0.512476467,3
0.514929701,3
0.51274353,3
0.51333366,3
0.501633739,3
0.513248908,3
0.501694936,3
0.500947559,3
0.511770742,3
0.513663982,3
0.51225954,3
0.51654236,3
0.513293569,3
0.510378766,3
0.510195249,3
0.508251676,3
0.506530806,3
0.506735643,3
0.510845761,3
0.513357608,3
0.503185174,3
0.509196765,3
0.510015995,3
0.510458964,3
0.516788172,3
0.513398057,3
0.508842488,3
0.515755969,3
0.509486119,3
0.51110621,3
0.504314698,3
0.513251026,3
0.502235553,3
0.510058688,3
0.503023516,3
0.508814847,3
0.509782621,3
0.512259345,3
0.513634824,3
0.509074326,3
0.502505607,3
0.512955105,3
0.516074661,3
0.501439934,3
0.507026972,3
0.510935938,3
0.509193971,3
0.511406418,3
0.509021203,3
0.508646375,3
0.51445582,3
0.51064861,3
0.506083145,3
0.512702124,3
0.508327492,3
0.507400879,3
0.516058248,3
0.507952767,3
0.505159739,3
0.506901684,3
0.508936698,3
0.512296912,3
0.5086652,3
0.507084211,3
0.508840286,3
0.511200149,3
0.508518341,3
0.513516826,3
0.513554576,3
0.512714716,3
0.508060687,3
0.513656298,3
0.51107621,3
0.505915739,3
0.507332409,3
0.51124668,3
0.506869995,3
0.505322974,3
0.509332758,3
0.50043807,3
0.507209365,3
0.509782631,3
0.508065363,3
0.514102416,3
0.512201962,3
0.511538636,3
0.514512068,3
0.509659321,3
0.50947743,3
0.504786411,3
0.502720808,3
0.508927749,3
0.502251075,3
0.504033585,3
0.51374341,3
0.513647604,3
0.513447166,3
0.512149176,3
0.506940184,3
0.507927093,3
0.513378276,3
0.50048408,3
0.505600701,3
0.516684236,3
0.512756201,3
0.514858754,3
0.517806679,3
0.509052013,3
0.509543528,3
0.505493121,3
0.510609472,3
0.508589695,3
0.512535475,3
0.517845632,3
0.514312179,3
0.517240475,3
0.500620075,3
0.504699757,3
0.506238114,3
0.504258107,3
0.505004505,3
0.509105018,3
0.512270906,3
0.513930119,3
0.511492248,3
0.51599498,3
0.508373477,3
0.509028556,3
0.512329375,3
0.505649667,3
0.509254448,3
0.507997345,3
0.502188986,3
0.502433728,3
0.506255374,3
0.505774008,3
0.510444708,3
0.502084835,3
0.510573573,3
0.515729118,3
0.513556482,3
0.51934239,3
0.509699191,3
0.514286623,3
0.508411421,3
0.507859508,3
0.507956661,3
0.513282657,3
0.50411365,3
0.506549838,3
0.517537887,3
0.512635342,3
0.508881823,3
0.513680367,3
0.509082461,3
0.509563354,3
0.517414341,3
0.501366117,3
0.513900642,3
0.513638031,3
0.506890854,3
0.51452108,3
0.50912916,3
0.509029323,3
0.510405155,3
0.512552492,3
0.519785209,3
0.51069241,3
0.507578677,3
0.509185691,3
0.513959514,3
0.507189309,3
0.51354463,3
0.500582895,3
0.50059943,3
0.512370617,3
0.506576758,3
0.510812059,3
0.507108436,3
0.509038938,3
0.502276232,3
0.515444265,3
0.513183399,3
0.513405314,3
0.502355743,3
0.510953955,3
0.508343036,3
0.508082478,3
0.511719483,3
0.512172892,3
0.510586643,3
0.514634711,3
0.510136473,3
0.514314287,3
0.507059916,3
0.514113512,3
0.509569834,3
0.511508762,3
0.508934789,3
0.517022371,3
0.506380674,3
0.509796254,3
0.506314212,3
0.502327253,3
0.513181405,3
0.517770901,3
0.51101564,3
0.506038389,3
0.508910122,3
0.513012611,3
0.504591171,3
0.510179891,3
0.511118957,3
0.506910078,3
0.511719853,3
0.509734142,3
0.509166523,3
0.512720934,3
0.507022508,3
0.515002323,3
0.506932086,3
0.509465349,3
0.511016292,3
0.505185192,3
0.507824331,3
0.500251507,3
0.509495703,3
0.508975206,3
0.504916894,3
0.51341792,3
0.513813347,3
0.509729999,3
0.507250827,3
0.515167812,3
0.513588718,3
0.508551279,3
0.515332127,3
0.513680005,3
0.516613961,3
0.518345678,3
0.51742507,3
0.504778644,3
0.510278187,3
0.5088588,3
0.515240238,3
0.506008331,3
0.512488022,3
0.516966426,3
0.507257538,3
0.505681078,3
0.519535128,3
0.516332592,3
0.512103612,3
0.508750694,3
0.513414792,3
0.511960738,3
0.512533441,3
0.509856198,3
0.510787901,3
0.503881402,3
0.513169561,3
0.515509211,3
0.505087037,3
0.513054642,3
0.509947405,3
0.51129607,3
0.512640054,3
0.513647857,3
0.511476826,3
0.509465576,3
0.512364596,3
0.516111186,3
0.501814,3
0.515483443,3
0.505668905,3
0.506550263,3
0.503003664,3
0.507697887,3
0.507531125,3
0.501570847,3
0.500832644,3
0.511821299,3
0.511356906,3
0.506193906,3
0.515147194,3
0.512389194,3
0.515545358,3
0.513099057,3
0.511176148,3
0.511801273,3
0.513917032,3
0.518403939,3
0.508094978,3
0.513790054,3
0.512261744,3
0.507287556,3
0.512316371,3
0.513815717,3
0.511057264,3
0.510749598,3
0.512493501,3
0.513839819,3
